state_cd,route_cd,discontinued,DC_year,new_route_cd,replacement_route,replacement_year,original_route_cd,Flag,DC_reason
18,0001,NO,,,NO,,,,
18,0002,NO,,,NO,,,,
18,0003,NO,,,NO,,,,
18,0004,NO,,,NO,,,,
18,0005,NO,,,NO,,,,
18,0006,NO,,,NO,,,,
18,0007,NO,,,NO,,,,
18,0008,YES,2008,012,NO,,,,
18,0009,NO,,,NO,,,,
18,0010,NO,,,NO,,,,
18,0011,YES,,,NO,,,,
18,0012,NO,,,YES,2009,008,,
21,0010,YES,2002,018,NO,,,,
21,0014,NO,,,NO,,,,
21,0017,NO,,,NO,,,,
21,0018,YES,2017,019,YES,2003,010,,
21,0019,NO,,,YES,2017,018,,
34,0001,NO,,,NO,,,,
34,0002,NO,,,NO,,,,
34,0003,NO,,,NO,,,,
34,0004,NO,,,NO,,,,
34,0005,YES,2016,114,NO,,,,
34,0006,NO,,,NO,,,,
34,0007,NO,,,NO,,,,
34,0008,NO,,,NO,,,,
34,0009,NO,,,NO,,,,
34,0010,NO,,,NO,,,,
34,0011,YES,2011,109,NO,,,,
34,0012,NO,,,NO,,,,
34,0013,YES,1989,102,NO,,,,
34,0014,NO,,,NO,,,,
34,0015,YES,,105,NO,,,,
34,0016,NO,,,NO,,,,
34,0017,NO,,,NO,,,,
34,0018,NO,,,NO,,,,
34,0019,NO,,,NO,,,,
34,0020,NO,,,NO,,,,
34,0021,YES,1989,103,NO,,,,
34,0022,NO,,,NO,,,,
34,0023,NO,,,NO,,,,
34,0024,NO,,,NO,,,,
34,0025,NO,,,NO,,,,
34,0026,NO,,,NO,,,,
34,0027,NO,,,NO,,,,
34,0028,NO,,,NO,,,,
34,0029,YES,1989,104,NO,,,,
34,0030,NO,,,NO,,,,
34,0031,NO,,,NO,,,,
34,0032,NO,,,NO,,,,
34,0033,NO,,,NO,,,,
34,0034,YES,2011,108,NO,,,,
34,0035,NO,,,NO,,,,
34,0036,NO,,,NO,,,,
34,0037,NO,,,NO,,,,
34,0038,NO,,,NO,,,,
34,0039,NO,,,NO,,,,
34,0040,NO,,,NO,,,,
34,0041,NO,,,NO,,,,
34,0042,NO,,,NO,,,,
34,0043,NO,,,NO,,,,
34,0044,NO,,,NO,,,,
34,0045,NO,,,NO,,,,
34,0046,NO,,,NO,,,,
34,0047,YES,2012,111,NO,,,,
34,0048,NO,,,NO,,,,
34,0049,NO,,,NO,,,,
34,0050,NO,,,NO,,,,
34,0051,NO,,,NO,,,,
34,0052,NO,,,NO,,,,
34,0053,NO,,,NO,,,,
34,0054,YES,2003,112,NO,,,,
34,0055,NO,,,NO,,,,
34,0056,NO,,,NO,,,,
34,0057,NO,,,NO,,,,
34,0058,NO,,,NO,,,,
34,0059,NO,,,NO,,,,
34,0060,NO,,,NO,,,,
34,0061,NO,,,NO,,,,
34,0062,NO,,,NO,,,,
34,0063,NO,,,NO,,,,
34,0064,NO,,,NO,,,,
34,0065,NO,,,NO,,,,
34,0066,NO,,,NO,,,,
34,0067,YES,1989,101,NO,,,,
34,0068,NO,,,NO,,,,
34,0069,NO,,,NO,,,,
34,0070,NO,,,NO,,,,
34,0071,YES,2009,106,NO,,,,
34,0072,NO,,,NO,,,,
34,0073,NO,,,NO,,,,
34,0074,NO,,,NO,,,,
34,0075,NO,,,NO,,,,
34,0076,NO,,,NO,,,,
34,0077,NO,,,NO,,,,
34,0078,YES,2019,115,NO,,,,industrial development
34,0079,NO,,,NO,,,,
34,0080,NO,,,NO,,,,
34,0081,NO,,,NO,,,,
34,0082,NO,,,NO,,,,
34,0083,NO,,,NO,,,,
34,0084,NO,,,NO,,,,
34,0085,NO,,,NO,,,,
34,0086,NO,,,NO,,,,
34,0087,NO,,,NO,,,,
34,0088,NO,,,NO,,,,
34,0089,NO,,,NO,,,,
34,0090,NO,,,NO,,,,
34,0091,NO,,,NO,,,,
34,0092,NO,,,NO,,,,
34,0093,NO,,,NO,,,,
34,0094,NO,,,NO,,,,
34,0095,NO,,,NO,,,,
34,0096,NO,,,NO,,,,
34,0097,NO,,,NO,,,,
34,0098,NO,,,NO,,,,
34,0099,NO,,,NO,,,,
34,0100,NO,,,NO,,,,
34,0101,NO,,,YES,1989,067,,
34,0102,NO,,,YES,1989,013,013 was definitely replaced by 102 in 1989,
34,0103,NO,,,YES,1989,021,,
34,0104,YES,2009,107,YES,1989,029,,
34,0105,NO,,,YES,,015,,
34,0106,NO,,,YES,2009,071,,
34,0107,NO,,,YES,2009,104,,
34,0108,NO,,,YES,2011,034,,
34,0109,YES,2011,110,YES,2011,011,,
34,0110,NO,,,YES,2012,109,,
34,0111,NO,,,YES,2012,047,,
34,0112,YES,2012,113,YES,2003,054,,
34,0113,NO,,,YES,2012,112,,
34,0114,NO,,,YES,2016,005,,
34,0115,NO,,,YES,2019,078,,
35,0001,NO,,,NO,,,,
35,0002,YES,2010,087,NO,,,,
35,0003,NO,,,NO,,,,
35,0004,YES,1993,082,NO,,,,
35,0005,NO,,,NO,,,,
35,0006,NO,,,NO,,,,
35,0007,NO,,,NO,,,,
35,0008,YES,1991,073,NO,,,,
35,0009,YES,2001,083,NO,,,,
35,0009,NO,,,NO,,,,
35,0010,NO,,,NO,,,,
35,0011,NO,,,NO,,,,
35,0012,NO,,,NO,,,,
35,0013,NO,,,NO,,,,
35,0014,NO,,,NO,,,,
35,0015,YES,2020,090,NO,,,,"safety issue on stops 6-7, replaced stops 6-10 to avoid rd"
35,0016,NO,,,NO,,,,
35,0017,NO,,,NO,,,,
35,0018,NO,,,NO,,,,
35,0019,NO,,,NO,,,,
35,0020,NO,,,NO,,,,
35,0021,NO,,,NO,,,,
35,0022,NO,,,NO,,,,
35,0023,NO,,,NO,,,,
35,0024,NO,,,NO,,,,
35,0025,YES,2004,084,NO,,,,
35,0026,NO,,,NO,,,,
35,0027,NO,,,NO,,,,
35,0028,NO,,,NO,,,,
35,0029,NO,,,NO,,,,
35,0030,YES,1991,077,NO,,,,
35,0031,YES,1990,074,NO,,,,
35,0032,YES,1990,075,NO,,,,
35,0033,NO,,,NO,,,,
35,0034,NO,,,NO,,,,
35,0035,NO,,,NO,,,,
35,0036,NO,,,NO,,,,
35,0037,NO,,,NO,,,,
35,0038,NO,,,NO,,,,
35,0039,NO,,,NO,,,,
35,0040,NO,,,NO,,,,
35,0041,NO,,,NO,,,,
35,0042,NO,,,NO,,,,
35,0043,NO,,,NO,,,,
35,0044,NO,,,NO,,,,
35,0045,NO,,,NO,,,,
35,0046,NO,,,NO,,,,
35,0047,NO,,,NO,,,,
35,0048,NO,,,NO,,,,
35,0049,NO,,,NO,,,,
35,0050,YES,2009,086,NO,,,,
35,0051,NO,,,NO,,,,
35,0052,YES,1990,076,NO,,,,
35,0053,NO,,,NO,,,,
35,0054,NO,,,NO,,,,
35,0055,NO,,,NO,,,,
35,0056,NO,,,NO,,,,
35,0057,NO,,,NO,,,,
35,0058,NO,,,NO,,,,
35,0059,YES,2007,085,NO,,,,
35,0060,NO,,,NO,,,,
35,0061,NO,,,NO,,,,
35,0062,NO,,,NO,,,,
35,0063,NO,,,NO,,,,
35,0064,YES,1977,,NO,,,,
35,0065,NO,,,NO,,,,
35,0066,YES,1992,079,NO,,,,
35,0067,YES,2015,089,NO,,,,
35,0068,NO,,,NO,,,,
35,0069,YES,1992,080,NO,,,,
35,0070,YES,1991,078,NO,,,,
35,0071,YES,1987,081,NO,,,,
35,0072,NO,,,NO,,,,
35,0073,NO,,,YES,1990,008,,
35,0074,NO,,,YES,1990,031,,
35,0075,YES,2014,088,YES,1990,032,,
35,0076,NO,,,YES,1990,052,,
35,0077,NO,,,YES,1990,030,,
35,0078,NO,,,YES,1991,070,,
35,0079,NO,,,YES,1992,066,,
35,0080,YES,1994,,YES,"1983-1988,1992-1993",069,"Never replaced.  069 was active from 1968-1982, but in and out of CZ status.  In 1983, this route was reactivated, but the observer ran an altered route (that never got renumbered at the time) with no birds heard.  It went back into a CZ status from 1984-",
35,0081,NO,,,YES,1987,071,,
35,0082,NO,,,YES,2003,004,,
35,0083,NO,,,YES,2001,009,,
35,0084,NO,,,YES,2004,025,,
35,0085,NO,,,YES,2007,059,,
35,0086,NO,,,YES,2009,050,,
35,0087,NO,,,YES,2010,002,,
35,0088,NO,,,YES,2014,075,,
35,0089,NO,,,YES,2015,067,,
35,0090,NO,,,YES,2020,015,,
44,0001,YES,,,NO,,,This route was never run and deleted from the system,
44,0002,YES,,,NO,,,This route was never run and deleted from the system,
44,0003,NO,,,NO,,,,
44,0004,NO,,,NO,,,,
44,0005,NO,,,NO,,,,
44,0006,NO,,,NO,,,,
44,0007,NO,,,NO,,,,
44,0008,NO,,,NO,,,,
44,0009,NO,,,NO,,,,
44,0010,NO,,,NO,,,,
44,0011,NO,,,NO,,,,
44,0012,NO,,,NO,,,,
44,0013,NO,,,NO,,,,
44,0014,YES,1977,077,NO,,,,
44,0015,NO,,,YES,1969,079,,079 was only run for one year in 1968
44,0016,NO,,,NO,,,,
44,0017,NO,,,NO,,,,
44,0018,NO,,,NO,,,,
44,0019,NO,,,NO,,,,
44,0020,NO,,,NO,,,,
44,0021,NO,,,NO,,,,
44,0022,NO,,,NO,,,,
44,0023,YES,1978,078,NO,,,,
44,0024,NO,,,NO,,,,
44,0025,NO,,,NO,,,,
44,0026,NO,,,NO,,,,
44,0027,NO,,,NO,,,,
44,0028,YES,2005,082,NO,,,,
44,0029,NO,,,NO,,,,
44,0030,NO,,,NO,,,,
44,0031,NO,,,NO,,,,
44,0032,NO,,,NO,,,,
44,0033,NO,,,NO,,,,
44,0034,NO,,,NO,,,,
44,0035,NO,,,NO,,,,
44,0036,NO,,,NO,,,,
44,0037,YES,2009,083,NO,,,,
44,0038,NO,,,NO,,,,
44,0039,NO,,,NO,,,,
44,0040,NO,,,NO,,,,
44,0041,NO,,,NO,,,,
44,0042,NO,,,NO,,,,
44,0043,NO,,,NO,,,,
44,0044,YES,2011,086,NO,,,,
44,0045,YES,2009,084,NO,,,,
44,0046,NO,,,NO,,,,
44,0047,NO,,,NO,,,,
44,0048,NO,,,NO,,,,
44,0049,YES,1976,080,NO,,,,
44,0050,NO,,,NO,,,,
44,0051,NO,,,NO,,,,
44,0052,NO,,,NO,,,,
44,0053,YES,2010,085,NO,,,,
44,0054,NO,,,NO,,,,
44,0055,YES,1989,076,NO,,,,
44,0056,NO,,,NO,,,,
44,0057,YES,2020,089,NO,,,,traffic and safety concerns
44,0058,YES,1979,087,NO,,,,
44,0059,NO,,,NO,,,,
44,0060,NO,,,NO,,,,
44,0061,NO,,,NO,,,,
44,0062,NO,,,NO,,,,
44,0063,NO,,,NO,,,,
44,0064,NO,,,NO,,,,
44,0065,NO,,,NO,,,,
44,0066,NO,,,NO,,,,
44,0067,NO,,,NO,,,,
44,0068,NO,,,NO,,,,
44,0069,NO,,,NO,,,,
44,0070,NO,,,NO,,,,
44,0071,NO,,,NO,,,,
44,0072,NO,,,NO,,,,
44,0073,NO,,,NO,,,,
44,0074,NO,,,NO,,,,
44,0075,NO,,,NO,,,,
44,0076,NO,,,YES,1989,055,,
44,0077,NO,,,YES,1977,014,,
44,0078,NO,,,YES,1978,023,,
44,0079,YES,1969,015,NO,,,,079 only run for one year in 1968
44,0080,NO,,,YES,1976,049,,
44,0081,NO,,,NO,,,,
44,0082,YES,2018,088,YES,2005,028,,082 was no longer passable during survey period
44,0083,NO,,,YES,2009,037,,
44,0084,NO,,,YES,2009,045,,
44,0085,NO,,,YES,2010,053,,
44,0086,NO,,,YES,2011,044,,
44,0087,NO,,,YES,1979,058,,
44,0088,NO,,,YES,2018,082,,
44,0089,NO,,,YES,2020,057,,
45,0001,NO,,,NO,,,,
45,0002,NO,,,NO,,,,
45,0003,NO,,,NO,,,,
45,0004,NO,,,NO,,,,
45,0005,NO,,,NO,,,,
45,0006,NO,,,NO,,,,
45,0007,NO,,,NO,,,,
45,0008,NO,,,NO,,,,
45,0009,NO,,,NO,,,,
45,0010,NO,,,NO,,,,
45,0011,NO,,,NO,,,,
45,0012,NO,,,NO,,,,
45,0013,NO,,,NO,,,,
45,0014,NO,,,NO,,,,
45,0015,NO,,,NO,,,,
45,0016,NO,,,NO,,,,
45,0017,NO,,,NO,,,,
45,0018,NO,,,NO,,,,
45,0019,NO,,,NO,,,,
45,0020,NO,,,NO,,,,
45,0021,NO,,,NO,,,,
45,0022,NO,,,NO,,,,
45,0023,NO,,,NO,,,,
45,0024,NO,,,NO,,,,
45,0025,NO,,,NO,,,,
45,0026,NO,,,NO,,,,
45,0027,NO,,,NO,,,,
45,0028,NO,,,NO,,,,
45,0029,NO,,,NO,,,,
45,0030,NO,,,NO,,,,
45,0031,NO,,,NO,,,,
45,0032,NO,,,NO,,,,
45,0033,NO,,,NO,,,,
45,0034,NO,,,NO,,,,
45,0035,NO,,,NO,,,,
45,0036,NO,,,NO,,,,
45,0037,NO,,,NO,,,,
45,0038,NO,,,NO,,,,
45,0039,NO,,,NO,,,,
45,0040,NO,,,NO,,,,
45,0041,NO,,,NO,,,,
45,0042,NO,,,NO,,,,
45,0043,NO,,,NO,,,,
45,0051,YES,1992,,NO,,,"Never established or run as far as I can tell since we don't have a route map for it, nor do we have a record of it being run in the master table-BR",
45,0054,YES,1998,,NO,,,"DC, but never replaced, no route map in files, run in 1994, CZ in 1995-1997.",
46,0001,YES,2019,034,YES,,,,"DC, replaced by 034.  Road was closed."
46,0002,NO,,,NO,,,,
46,0003,YES,1976,030,NO,,,,
46,0004,NO,,,NO,,,,
46,0005,YES,1983,031,NO,,,,
46,0006,NO,,,NO,,,,
46,0007,NO,,,NO,,,,
46,0008,YES,1993,032,NO,,,,
46,0009,NO,,,NO,,,,
46,0010,NO,,,NO,,,,
46,0011,NO,,,NO,,,,
46,0012,NO,,,NO,,,,
46,0013,NO,,,NO,,,,
46,0014,NO,,,NO,,,,
46,0015,NO,,,NO,,,,
46,0016,NO,,,NO,,,,
46,0017,NO,,,NO,,,,
46,0018,NO,,,NO,,,,
46,0019,NO,,,NO,,,,
46,0020,NO,,,NO,,,,
46,0021,NO,,,NO,,,,
46,0022,NO,,,NO,,,,
46,0023,NO,,,NO,,,,
46,0024,YES,1984,029,NO,,,,
46,0025,YES,1969,027,NO,,,,
46,0026,YES,2006,033,NO,,,,
46,0027,NO,,,YES,1968,025,,
46,0028,YES,,,NO,,,"Never run.  Back before the official start of the survey in 1966, this route replaced 011.  However, when the official SGS started in 1968, it was always called 011 and run consistently as 011.  So for all intensive purposes you can delete this record sin",
46,0029,NO,,,YES,1969,024,,
46,0030,NO,,,YES,1976,003,,
46,0031,NO,,,YES,1983,005,,
46,0032,NO,,,YES,1993,008,,
46,0033,NO,,,YES,2006,026,,
46,0034,NO,,,NO,,,,
47,0001,NO,,,NO,,,,
47,0002,NO,,,NO,,,,
47,0003,NO,,,NO,,,,
47,0004,NO,,,NO,,,,
47,0005,NO,,,NO,,,,
47,0006,NO,,,NO,,,,
47,0007,YES,,022,NO,,,,
47,0008,NO,,,NO,,,,
47,0009,NO,,,NO,,,,
47,0010,NO,,,NO,,,,
47,0011,NO,,,NO,,,,
47,0012,NO,,,NO,,,,
47,0013,YES,2019,024,NO,,,,"rd washed out, not sure when it will be repaired"
47,0014,NO,,,NO,,,,
47,0015,YES,,021,NO,,,,
47,0016,NO,,,NO,,,,
47,0017,NO,,,NO,,,,
47,0018,NO,,,NO,,,,
47,0019,NO,,,NO,,,,
47,0020,YES,,023,NO,,,,
47,0021,NO,,,YES,,015,,
47,0022,NO,,,YES,,007,,
47,0023,NO,,,YES,,020,,
47,0024,NO,,,YES,2019,013,,
49,0001,NO,,,NO,,,,
49,0002,YES,,,NO,,,"This route never existed in the official SGS, but we do have a map for it.  Again, it was probably run before the official survey began.  You can delete it from the system.",
49,0003,NO,,,NO,,,,
49,0004,YES,,,NO,,,"This route was only run in 1973.  We have no other records of it in our master table and it only says it was DC, no mention of a replacement route number.",
49,0005,NO,,,NO,,,,
49,0006,NO,,,NO,,,,
49,0007,NO,,,NO,,,,
49,0008,NO,,,NO,,,,
49,0009,NO,,,NO,,,,
49,0010,NO,,,NO,,,,
49,0011,YES,1999,270,NO,,,,
49,0012,NO,,,NO,,,,
49,0013,NO,,,NO,,,,
49,0014,NO,,,NO,,,,
49,0015,NO,,,NO,,,,
49,0016,NO,,,NO,,,,
49,0017,NO,,,NO,,,,
49,0018,NO,,,NO,,,,
49,0019,NO,,,NO,,,,
49,0020,NO,,,NO,,,,
49,0021,YES,,,NO,,,"This route never existed in the official SGS.  Again, it was probably run before the official survey began.  You can delete it from the system.",
49,0022,NO,,,NO,,,,
49,0023,NO,,,NO,,,,
49,0024,NO,,,NO,,,,
49,0025,NO,,,NO,,,,
49,0026,NO,,,NO,,,,
49,0027,NO,,,NO,,,,
49,0028,YES,,,NO,,,"This route was only run in 1973.  We have no other records of it in our master table and it only says it was DC, no mention of a replacement route number.",
49,0029,NO,,,NO,,,,
49,0030,YES,2010,263,NO,,,,
49,0031,NO,,,NO,,,,
49,0032,NO,,,NO,,,,
49,0033,NO,,,NO,,,,
49,0034,YES,1989,253,NO,,,,
49,0035,NO,,,NO,,,,
49,0036,NO,,,NO,,,,
49,0037,NO,,,NO,,,,
49,0038,NO,,,NO,,,,
49,0039,NO,,,NO,,,,
49,0040,YES,1992,257,NO,,,,
49,0041,YES,,,NO,,,"This route never existed in the official SGS even though we do have a map for it.  Again, it was probably run before the official survey began.  You can delete it from the system.",
49,0042,NO,,,NO,,,,
49,0043,YES,2004,265,NO,,,,
49,0044,NO,,,NO,,,,
49,0045,NO,,,NO,,,,
49,0046,NO,,,NO,,,,
49,0047,NO,,,NO,,,,
49,0048,NO,,,NO,,,,
49,0049,YES,2005,274,NO,,,,"retroactive rte change, start was unknowingly adjusted"
49,0050,NO,,,NO,,,,
49,0051,NO,,,NO,,,,
49,0053,NO,,,NO,,,,
49,0054,NO,,,NO,,,,
49,0055,NO,,,NO,,,,
49,0056,NO,,,NO,,,,
49,0057,NO,,,NO,,,,
49,0058,NO,,,NO,,,,
49,0059,NO,,,NO,,,,
49,0060,NO,,,NO,,,,
49,0061,NO,,,NO,,,,
49,0062,YES,2015,267,NO,,,,
49,0063,NO,,,NO,,,,
49,0064,NO,,,NO,,,,
49,0065,NO,,,NO,,,,
49,0066,NO,,,NO,,,,
49,0067,NO,,,NO,,,,
49,0068,NO,,,NO,,,,
49,0069,NO,,,NO,,,,
49,0070,NO,,,NO,,,,
49,0071,NO,,,NO,,,,
49,0072,NO,,,NO,,,,
49,0073,NO,,,NO,,,,
49,0074,NO,,,NO,,,,
49,0075,NO,,,NO,,,,
49,0076,NO,,,NO,,,,
49,0077,NO,,,NO,,,,
49,0078,NO,,,NO,,,,
49,0079,NO,,,NO,,,,
49,0080,NO,,,NO,,,,
49,0081,NO,,,NO,,,,
49,0084,YES,1989,250,NO,,,,
49,0088,YES,1992,255,NO,,,,
49,0099,NO,,,NO,,,,
49,0103,NO,,,NO,,,,
49,0104,YES,2005,261,NO,,,,
49,0108,NO,,,NO,,,,
49,0109,YES,2018,272,NO,,,,
49,0111,YES,1992,256,NO,,,,
49,0113,NO,,,NO,,,,
49,0120,NO,,,NO,,,,
49,0121,NO,,,NO,,,,
49,0124,YES,2013,264,NO,,,,
49,0126,NO,,,NO,,,,
49,0128,NO,,,NO,,,,
49,0129,NO,,,NO,,,,
49,0131,YES,2001,259,NO,,,,no rte map
49,0133,YES,,,NO,,,This route was never run as 133 during the official SGS 1968-2017.  It might have been renamed to route # 184 prior to the start of the survey since I see old survey forms from the mid 60's with a crossed out 133 and it is replaced with a 184.  So I would,
49,0134,YES,,,NO,,,"This route was never run as 134 during the official SGS 1968-2017.  Again, I know this route number existed prior to the start of the official survey, but I can't say for sure what it might have been renamed or replaced, if at all.  Again, I would delete",
49,0136,NO,,,NO,,,,
49,0139,NO,,,NO,,,,
49,0140,NO,,,NO,,,,
49,0141,NO,,,NO,,,,
49,0142,NO,,,NO,,,,
49,0143,YES,1984,151,NO,,,,
49,0144,YES,1980,146,NO,,,,dropped due to traffic hazards
49,0145,NO,,,NO,,,,
49,0146,NO,,,YES,1980,144,,
49,0149,NO,,,NO,,,,
49,0150,NO,,,NO,,,,
49,0151,NO,,,YES,,143,,
49,0154,NO,,,NO,,,,
49,0155,NO,,,NO,,,,
49,0156,NO,,,NO,,,,
49,0157,NO,,,NO,,,,
49,0162,YES,2018,271,NO,,,,
49,0166,NO,,,NO,,,,
49,0168,YES,2016,269,NO,,,,
49,0169,NO,,,NO,,,,
49,0170,NO,,,NO,,,,
49,0173,NO,,,NO,,,,
49,0174,NO,,,NO,,,,
49,0175,YES,1980,247,NO,,,,
49,0176,NO,,,NO,,,,
49,0177,YES,1997,,NO,,,"A note on the route map indicates it was DC, but no year mentioned other than we have no records in the master table past 1996, nor is it listed in the route table.  A replacement was probably not created. It fell within the Apr 20-May 10 window-BR",
49,0178,YES,2010,262,NO,,,,
49,0179,NO,,,NO,,,,
49,0183,NO,,,NO,,,,
49,0184,NO,,,NO,,,,
49,0186,NO,,,NO,,,,
49,0187,NO,,,NO,,,,
49,0189,NO,,,NO,,,,
49,0192,NO,,,NO,,,,
49,0193,YES,,244,NO,,,"DC but 'never run as 193, but as 244.'  This route never existed as 193 in the official survey.  Perhaps it did prior to this in the early to mid 60's and then they renumbered it to 244 for the official survey.  Bottom line, it should not exist in this table.",
49,0194,NO,,,NO,,,,
49,0195,NO,,,NO,,,,
49,0196,NO,,,NO,,,,
49,0197,NO,,,NO,,,,
49,0198,YES,2018,273,NO,,,,"Adjusted for safety, high speed vehicle traffic"
49,0200,NO,,,NO,,,,
49,0203,NO,,,NO,,,,
49,0204,NO,,,NO,,,,
49,0207,YES,2002,258,NO,,,,
49,0208,YES,1992,254,NO,,,,
49,0209,NO,,,NO,,,,
49,0210,NO,,,NO,,,,
49,0212,NO,,,NO,,,,
49,0214,NO,,,NO,,,,
49,0215,NO,,,NO,,,,
49,0217,NO,,,NO,,,,
49,0218,NO,,,NO,,,,
49,0224,NO,,,NO,,,,
49,0226,NO,,,NO,,,,
49,0227,YES,1989,252,NO,,,,
49,0228,NO,,,NO,,,,
49,0231,NO,,,NO,,,,
49,0232,YES,1984,251,NO,,,,
49,0233,NO,,,NO,,,,
49,0234,NO,,,NO,,,,
49,0235,NO,,,NO,,,,
49,0238,NO,,,NO,,,,
49,0239,NO,,,NO,,,,
49,0241,NO,,,NO,,,,
49,0242,YES,2002,260,NO,,,,
49,0243,YES,2006,266,NO,,,,
49,0244,NO,,,NO,,,,
49,0245,NO,,,NO,,,,
49,0247,NO,,,YES,1980,175,,
49,0250,NO,,,YES,1989,084,,
49,0251,NO,,,YES,1989,232,,
49,0252,NO,,,YES,1989,227,,
49,0253,NO,,,YES,1989,034,,
49,0254,NO,,,YES,1991,208,,"254 run in 1991, both run in 1992, then 208 DC after that."
49,0255,YES,2014,268,YES,1992,088,,
49,0256,NO,,,YES,1992,111,,
49,0257,NO,,,YES,1992,040,,
49,0258,NO,,,YES,2001,207,,
49,0259,NO,,,YES,2000,131,,
49,0260,NO,,,YES,2002,242,,
49,0261,NO,,,YES,2005,104,,
49,0262,NO,,,YES,2010,178,,
49,0263,NO,,,YES,2011,030,,
49,0264,NO,,,YES,2013,124,,
49,0265,NO,,,YES,2004,043,,
49,0266,NO,,,YES,2006,243,,
49,0267,NO,,,YES,2015,062,,
49,0268,NO,,,YES,2014,255,,
49,0269,NO,,,YES,2016,168,,
49,0270,NO,,,YES,1999,011,,
49,0271,NO,,,YES,2018,162,,
49,0272,NO,,,YES,2018,109,,
49,0273,NO,,,YES,2018,198,,
49,0274,NO,,,YES,2005,049,,
50,0001,NO,,,NO,,,,
50,0002,NO,,,NO,,,,
50,0003,NO,,,NO,,,,
50,0004,NO,,,NO,,,,
50,0005,NO,,,NO,,,,
50,0006,NO,,,NO,,,,
50,0007,NO,,,NO,,,,
50,0008,NO,,,NO,,,,
50,0009,NO,,,NO,,,,
50,0010,YES,1989,131,NO,,,,"first 2 miles safety hazard (well traveled state hwy), last 0.6 miles impassable, even with ATV"
50,0011,NO,,,NO,,,,
50,0012,NO,,,NO,,,,
50,0013,NO,,,NO,,,,
50,0014,NO,,,NO,,,,
50,0015,NO,,,NO,,,,
50,0016,NO,,,NO,,,,
50,0017,NO,,,NO,,,,
50,0018,NO,,,NO,,,,
50,0019,NO,,,NO,,,,
50,0020,NO,,,NO,,,,
50,0021,NO,,,NO,,,,
50,0022,NO,,,NO,,,,
50,0023,NO,,,NO,,,,
50,0024,NO,,,NO,,,,
50,0025,YES,2022,145,NO,,,,unsafe stop locations
50,0026,YES,2017,141,NO,2018,,,
50,0027,NO,,,NO,,,,
50,0028,NO,,,NO,,,,
50,0029,NO,,,NO,,,,
50,0030,NO,,,NO,,,,
50,0031,NO,,,NO,,,,
50,0032,NO,,,NO,,,,
50,0033,NO,,,NO,,,,
50,0034,NO,,,NO,,,,
50,0035,NO,,,NO,,,,
50,0036,NO,,,NO,,,,
50,0037,NO,,,NO,,,,
50,0038,NO,,,NO,,,,
50,0039,YES,2001,135,NO,,,,
50,0040,NO,,,NO,,,,
50,0041,NO,,,NO,,,,
50,0042,NO,,,NO,,,,
50,0043,NO,,,NO,,,,
50,0044,NO,,,NO,,,,
50,0045,NO,,,NO,,,,
50,0046,YES,1974,133,NO,,,,
50,0047,NO,,,NO,,,,
50,0048,NO,,,NO,,,,
50,0049,NO,,,NO,,,,
50,0050,NO,,,NO,,,,
50,0051,NO,,,NO,,,,
50,0052,YES,2021,144,NO,,,,"safety, suspicious activity on the road and known drug/illegal activity at the residences in that stretch of the route."
50,0053,NO,,,NO,,,,
50,0054,NO,,,NO,,,,
50,0055,NO,,,NO,,,,
50,0056,YES,1973,137,NO,,,,
50,0057,YES,1984,130,NO,,,,
50,0058,NO,,,NO,,,,
50,0059,NO,,,NO,,,,
50,0060,NO,,,NO,,,,
50,0061,YES,2013,138,NO,,,,
50,0062,NO,,,NO,,,,
50,0063,NO,,,NO,,,,
50,0064,NO,,,NO,,,,
50,0065,NO,,,NO,,,,
50,0066,NO,,,NO,,,,
50,0067,NO,,,NO,,,,
50,0068,NO,,,NO,,,,
50,0069,NO,,,NO,,,,
50,0070,NO,,,NO,,,,
50,0071,NO,,,NO,,,,
50,0072,NO,,,NO,,,,
50,0073,NO,,,NO,,,,
50,0074,NO,,,NO,,,,
50,0075,NO,,,NO,,,,
50,0076,NO,,,NO,,,,
50,0077,NO,,,NO,,,,
50,0078,NO,,,NO,,,,
50,0079,NO,,,NO,,,,
50,0080,NO,,,NO,,,,
50,0081,YES,1974,136,NO,,,,
50,0082,YES,1976,128,NO,,,,May 1-20 survey window
50,0083,NO,,,NO,,,,
50,0084,NO,,,NO,,,,
50,0085,NO,,,NO,,,,
50,0086,NO,,,NO,,,,
50,0087,NO,,,NO,,,,
50,0088,YES,1996,,NO,,,"Active from 1970-1995, but no mention of it being DC on route map.  It was in a reactivated CZ status when it got dropped from the route table.  It was supposed to be run in 1996 and obviously wasn't.  Replacement route never created-BR",Apr 25-May 15 survey window
50,0089,NO,,,NO,,,,
50,0090,YES,2004,140,NO,,,,
50,0091,NO,,,NO,,,,
50,0092,NO,,,NO,,,,
50,0093,NO,,,NO,,,,
50,0094,NO,,,NO,,,,
50,0095,NO,,,NO,,,,
50,0096,NO,,,NO,,,,
50,0097,NO,,,NO,,,,
50,0098,NO,,,NO,,,,
50,0099,NO,,,NO,,,,
50,0100,YES,2008,139,NO,,,,
50,0101,NO,,,NO,,,,
50,0102,NO,,,NO,,,,
50,0103,NO,,,NO,,,,
50,0104,NO,,,NO,,,,
50,0105,YES,1990,132,NO,,,,
50,0106,NO,,,NO,,,,
50,0107,NO,,,NO,,,"Dropped from the survey for many years, but never replaced.  Reactivated in 2019 and created NR records for years since 1972.",
50,0108,NO,,,NO,,,,
50,0109,NO,,,NO,,,,
50,0110,YES,1992,134,NO,,,,
50,0111,NO,,,NO,,,,
50,0112,NO,,,NO,,,,
50,0113,NO,,,NO,,,,
50,0114,NO,,,NO,,,,
50,0115,NO,,,NO,,,,
50,0116,NO,,,NO,,,,
50,0117,NO,,,NO,,,,
50,0118,NO,,,NO,,,,
50,0119,YES,1973,,NO,,,"Active from 1969-1972, but never replaced",
50,0120,NO,,,NO,,,,
50,0121,YES,2002,143,NO,,,"retroactive rte change in 2019, dating back to 2002",misunderstood start/stop 1 location
50,0122,NO,,,NO,,,,
50,0123,YES,,,NO,,,,
50,0124,NO,,,NO,,,,
50,0125,NO,,,NO,,,,
50,0126,NO,,,NO,,,,
50,0127,NO,,,NO,,,,
50,0128,YES,1983,129,NO,,,,May 1 - 20 survey window
50,0129,YES,2019,142,YES,1983,128,,"May 1 - 20 survey window, safety on road Rte 47"
50,0130,NO,,,YES,1984,057,,
50,0131,NO,,,YES,1989,010,,
50,0132,NO,,,YES,1990,105,,
50,0133,NO,,,YES,1974,046,,
50,0134,NO,,,YES,1992,110,,
50,0135,NO,,,YES,2001,039,,
50,0136,NO,,,YES,1974,081,,
50,0137,NO,,,YES,1973,056,,
50,0138,NO,,,YES,2013,061,,
50,0139,NO,,,YES,2008,100,,
50,0140,NO,,,YES,2004,090,,
50,0142,NO,,,YES,2019,129,,
50,0143,NO,,,YES,2002,121,,
50,0144,NO,,,YES,2021,052,,"Safety, suspicious activity on the road and known drug/illegal activity at the residences in that stretch of the route."
50,0145,NO,,,YES,2022,025,,unsafe stop locations
56,0001,NO,,,NO,,,,
56,0002,YES,,081,NO,,,,
56,0003,YES,1974,,NO,,,"This route was actively assigned in the system 1969-1973, but never run.  We have no route map in the binder for this route.  Looks like it was just dropped and never replaced. It is not even listed in the original route number list I based mine off of-BR",
56,0004,YES,2004,084,NO,,,,
56,0005,NO,,,NO,,,,
56,0006,NO,,,NO,,,,
56,0007,NO,,,NO,,,,
56,0008,NO,,,NO,,,,
56,0009,NO,,,NO,,,,
56,0010,NO,,,NO,,,,
56,0011,YES,,,NO,,,,
56,0012,NO,,,NO,,,,
56,0013,NO,,,NO,,,,
56,0014,YES,2006,087,NO,,,,
56,0015,NO,,,NO,,,,
56,0016,YES,1974,,NO,,,"This route was actively assigned in the system 1969-1973, but never run.  There is no indication of the discontinuation or what year on the route map or if it was replaced.  Looks like it was just dropped and never replaced as it was actively crossed off",
56,0017,NO,,,NO,,,,
56,0018,YES,2004,082,NO,,,,
56,0019,YES,,080,NO,,,,
56,0020,NO,,,NO,,,,
56,0021,NO,,,NO,,,,
56,0022,NO,,,NO,,,,
56,0023,NO,,,NO,,,,
56,0024,NO,,,NO,,,,
56,0025,NO,,,NO,,,,
56,0026,NO,,,NO,,,,
56,0027,YES,1974,,NO,,,"This route was actively assigned in the system 1969-1973, but never run.  We have no route map in the binder for this route.  Looks like it was just dropped and never replaced as it was actively crossed off the route number list-BR",
56,0028,NO,,,NO,,,,
56,0029,NO,,,NO,,,,
56,0030,NO,,,NO,,,,
56,0031,NO,,,NO,,,,
56,0032,NO,,,NO,,,,
56,0033,NO,,,NO,,,,
56,0034,NO,,,NO,,,,
56,0035,NO,,,NO,,,,
56,0036,NO,,,NO,,,,
56,0037,NO,,,NO,,,,
56,0038,NO,,,NO,,,,
56,0039,YES,,071,NO,,,,
56,0040,NO,,,NO,,,,
56,0041,NO,,,NO,,,,
56,0042,NO,,,NO,,,,
56,0043,NO,,,NO,,,,
56,0044,YES,1974,,NO,,,"This route was actively assigned in the system 1969-1973, but never run.  We have no route map in the binder for this route.  Looks like it was just dropped and never replaced. It is not even listed in the original route number list I based mine off of-BR",
56,0045,NO,,,NO,,,,
56,0046,YES,2018,089,NO,,,,
56,0047,YES,2005,083,NO,,,,
56,0048,NO,,,NO,,,,
56,0049,YES,1997,,NO,,,"This route was actively assigned in the system from 1969-1996, it was run 7 times during that time frame, otherwise it was either NR or CZ.  We do not have a route map for this route, nor do we have any indication as to why it became DC.  It does not appe",
56,0050,NO,,,NO,,,,
56,0051,NO,,,NO,,,,
56,0052,NO,,,NO,,,,
56,0053,NO,,,NO,,,,
56,0054,NO,,,NO,,,,
56,0055,NO,,,NO,,,,
56,0056,NO,,,NO,,,,
56,0057,NO,,,NO,,,,
56,0058,YES,2019,090,NO,,,,safety & stop 10 unaccessible due to flooding of road
56,0059,YES,2009,086,NO,,,,
56,0060,YES,2005,085,NO,,,,
56,0061,YES,1974,,NO,,,"This route was actively assigned in the system from 1969-1973, it was run in 1969 -1971.  There is no mention of it being DC on the route map or if anything replaced it, but it is no longer in our route table-BR",
56,0062,NO,,,NO,,,,
56,0063,YES,1974,,NO,,,This route was actively assigned in the system from 1970-1973 and run in 1970 and 1971.  We do not have a route map for this route.  Looks like it was just dropped and never replaced-BR,
56,0064,YES,1999,,NO,,,This route was actively assigned in the system from 1969-1998.  We do not have a route map for this route.  Looks like it was just dropped and never replaced-BR,
56,0065,NO,,,NO,,,,
56,0066,NO,,,NO,,,,
56,0067,NO,,,NO,,,,
56,0068,NO,,,NO,,,,
56,0069,NO,,,NO,,,,
56,0070,NO,,,NO,,,,
56,0071,NO,,,YES,,039,,
56,0080,NO,,,YES,,019,,
56,0081,NO,,,YES,1988,002,,"DC from 2018-2020 due to bridge outage, reactivated in 2021"
56,0082,NO,,,YES,2004,018,,
56,0083,NO,,,YES,2005,047,,
56,0084,NO,,,YES,2004,004,,
56,0085,NO,,,YES,2005,060,,
56,0086,NO,,,YES,2009,059,,
56,0087,NO,,,YES,2006,014,,
56,0088,YES,2021,081,YES,2018,081,active from 2018-2020 while bridge was out on 081.,active from 2018-2020 while bridge was out on 081.
56,0089,NO,,,YES,2018,046,,
56,0090,NO,,,YES,2019,058,,
56,0999,YES,1974,,NO,,,I went back to the survey form and discovered that the true route number for this was actually 002 in 1974.  I noticed that there was no 002 record in the master table for that year.  On the survey form the number 999 is crossed out and written in small bold letters 002,
58,0001,NO,,,NO,,,,
58,0002,NO,,,NO,,,,
58,0003,NO,,,NO,,,,
58,0004,NO,,,NO,,,,
58,0005,NO,,,NO,,,,
58,0006,NO,,,NO,,,,
58,0007,NO,,,NO,,,,
58,0008,YES,2021,019,NO,,,,dangerous conditions
58,0009,NO,,,NO,,,,
58,0010,NO,,,NO,,,,
58,0011,NO,,,NO,,,,
58,0012,NO,,,NO,,,,
58,0013,NO,,,NO,,,,
58,0014,NO,,,NO,,,,
58,0015,NO,,,NO,,,,
58,0016,NO,,,NO,,,,
58,0017,NO,,,NO,,,,
58,0018,NO,,,NO,,,,
58,0019,NO,,,YES,2021,008,,dangerous route
59,0001,NO,,,NO,,,,
59,0002,YES,2010,027,NO,,,,
59,0003,YES,1991,022,NO,,,,
59,0004,YES,1974,,NO,,,"This route was actively assigned in the system from 1968-1973.  The route map indicates that it was never run, which it wasn't, nor was it ever replaced-BR",
59,0005,NO,,,NO,,,,
59,0006,NO,,,NO,,,,
59,0007,NO,,,NO,,,,
59,0008,NO,,,NO,,,,
59,0009,YES,1989,020,NO,,,,
59,0010,YES,1972,,NO,,,This route was actively assigned in the system from 1968-1971.  We have a route map for this route and awhile ago I wrote DC on it.  There is no mention of a replacement for this route-BR,
59,0011,YES,,023,NO,,,,
59,0012,NO,,,NO,,,,
59,0013,NO,,,NO,,,,
59,0014,YES,1984,019,NO,,,,
59,0015,NO,,,NO,,,,
59,0016,YES,,021,NO,,,,
59,0017,YES,2007,026,NO,,,,
59,0018,NO,,,NO,,,,
59,0019,YES,1984,014,NO,,,,
59,0020,YES,1989,009,NO,,,,
59,0021,NO,,,YES,1990,016,,
59,0022,NO,,,YES,,003,,
59,0023,YES,2003,025,YES,1991,011,,
59,0025,NO,,,YES,2004,023,,
59,0026,NO,,,YES,2007,017,,
59,0027,NO,,,YES,2010,002,,
61,0001,NO,,,NO,,,,
61,0002,NO,,,NO,,,,
61,0003,NO,,,NO,,,,
61,0004,NO,,,NO,,,,
61,0005,NO,,,NO,,,,
61,0006,YES,1975,102,NO,,,,
61,0007,NO,,,NO,,,,
61,0008,NO,,,NO,,,,
61,0009,YES,1974,103,NO,1975,,This route was run from 1968-1974 and replaced by 103 in 1975 because the old observer could not complete the rte with the new obs in 1975.  It looks like the new observer did not know the exact starting location and started just north at the interesectio,
61,0010,YES,1974,104,NO,1975,,This route was run from 1968-1974 and replaced by 104 in 1975.,
61,0011,NO,,,NO,,,,
61,0012,NO,,,NO,,,,
61,0013,NO,,,NO,,,,
61,0014,NO,,,NO,,,,
61,0015,YES,1984,106,NO,,,,
61,0016,YES,1975,101,NO,,,,
61,0017,YES,2005,121,NO,,,,
61,0018,NO,,,NO,,,,
61,0019,NO,,,NO,,,,
61,0020,YES,1985,107,NO,,,,
61,0021,NO,,,NO,,,,
61,0022,NO,,,NO,,,,
61,0023,NO,,,NO,,,,
61,0024,NO,,,NO,,,,
61,0025,NO,,,NO,,,,
61,0026,YES,1992,113,NO,,,,
61,0027,NO,,,NO,,,,
61,0028,NO,,,NO,,,,
61,0029,NO,,,NO,,,,
61,0030,YES,2005,115,NO,,,,
61,0031,NO,,,NO,,,,
61,0032,NO,,,NO,,,,
61,0033,NO,,,NO,,,,
61,0034,YES,2007,118,NO,,,,
61,0035,NO,,,NO,,,,
61,0036,NO,,,NO,,,,
61,0037,NO,,,NO,,,,
61,0038,NO,,,NO,,,,
61,0039,NO,,,NO,,,,
61,0040,NO,,,NO,,,,
61,0041,NO,,,NO,,,,
61,0042,YES,1996,114,NO,,,,
61,0043,NO,,,NO,,,,
61,0044,NO,,,NO,,,,
61,0045,NO,,,NO,,,,
61,0046,NO,,,NO,,,,
61,0047,NO,,,NO,,,,
61,0048,NO,,,NO,,,,
61,0049,NO,,,NO,,,,
61,0050,NO,,,NO,,,,
61,0051,NO,,,NO,,,,
61,0052,NO,,,NO,,,,
61,0053,NO,,,NO,,,,
61,0054,YES,1989,110,NO,,,,
61,0055,NO,,,NO,,,,
61,0056,NO,,,NO,,,,
61,0057,NO,,,NO,,,,
61,0058,NO,,,NO,,,,
61,0059,NO,,,NO,,,,
61,0060,YES,1982,105,NO,,,,
61,0061,NO,,,NO,,,,
61,0062,NO,,,NO,,,,
61,0063,NO,,,NO,,,,
61,0064,YES,1989,111,NO,,,,
61,0065,NO,,,NO,,,,
61,0066,NO,,,NO,,,,
61,0067,NO,,,NO,,,,
61,0068,NO,,,NO,,,,
61,0069,NO,,,NO,,,,
61,0070,NO,,,NO,,,,
61,0071,NO,,,NO,,,,
61,0072,NO,,,NO,,,,
61,0073,NO,,,NO,,,,
61,0074,NO,,,NO,,,,
61,0075,YES,2018,125,NO,,,,
61,0076,NO,,,NO,,,,
61,0077,YES,2006,116,NO,,,,
61,0078,YES,2008,119,NO,,,,
61,0079,YES,1985,117,NO,,,,
61,0080,NO,,,NO,,,,
61,0081,NO,,,NO,,,,
61,0082,NO,,,NO,,,,
61,0083,NO,,,NO,,,,
61,0084,NO,,,NO,,,,
61,0085,NO,,,NO,,,,
61,0086,YES,1991,112,NO,,,,
61,0087,NO,,,NO,,,,
61,0088,NO,,,NO,,,,
61,0089,YES,2017,124,NO,,,,
61,0090,YES,2013,122,NO,,,,
61,0091,NO,,,NO,,,,
61,0092,NO,,,NO,,,,
61,0093,NO,,,NO,,,,
61,0094,NO,,,NO,,,,
61,0095,NO,,,NO,,,,
61,0096,NO,,,NO,,,,
61,0097,NO,,,NO,,,,
61,0098,YES,2010,120,NO,,,,
61,0099,NO,,,NO,,,,
61,0100,NO,,,NO,,,,
61,0101,NO,,,YES,,016,,
61,0102,NO,,,YES,1975,006,,
61,0103,NO,,,YES,1975,009,,
61,0104,NO,,,YES,1975,010,,
61,0105,NO,,,YES,1982,060,,
61,0106,NO,,,YES,1984,015,,
61,0107,NO,,,YES,1985,020,,
61,0110,NO,,,YES,,054,,
61,0111,NO,,,YES,,064,,
61,0112,NO,,,YES,1991,086,,
61,0113,NO,,,YES,1992,026,,
61,0114,YES,2020,126,YES,1996,042,,traffic hazard
61,0115,NO,,,YES,2005,030,,
61,0116,NO,,,YES,2006,077,,
61,0117,NO,,,YES,1985,079,,
61,0118,NO,,,YES,2007,034,,
61,0119,NO,,,YES,2008,078,,
61,0120,YES,2017,123,YES,2010,098,,
61,0121,NO,,,YES,2005,017,,
61,0122,NO,,,YES,2013,090,,
61,0123,NO,,,YES,2017,120,,
61,0124,NO,,,YES,2017,089,,
61,0125,NO,,,YES,2018,075,,
61,0126,NO,,,YES,2020,114,,
65,0001,NO,,,NO,,,,
65,0002,NO,,,NO,,,,
65,0003,NO,,,NO,,,,
65,0004,NO,,,NO,,,,
65,0005,YES,1993,060,NO,,,,
65,0006,NO,,,NO,,,,
65,0007,NO,,,NO,,,,
65,0008,NO,,,NO,,,,
65,0009,YES,1971,,NO,,,This route was actively assigned in the system from 1968-1970.  There was no route map or mention of a replacement for this route. Survey window May 1-20-BR,
65,0010,NO,,,NO,,,,
65,0011,NO,,,NO,,,,
65,0012,NO,,,NO,,,,
65,0013,YES,1991,057,NO,,,,
65,0014,NO,,,NO,,,,
65,0015,NO,,,NO,,,,
65,0016,NO,,,NO,,,,
65,0017,NO,,,NO,,,,
65,0018,YES,1991,058,NO,,,,
65,0019,NO,,,NO,,,,
65,0020,NO,,,NO,,,,
65,0021,NO,,,NO,,,,
65,0022,YES,2000,069,NO,,,,
65,0023,NO,,,NO,,,,
65,0024,NO,,,NO,,,,
65,0025,NO,,,NO,,,,
65,0026,NO,,,NO,,,,
65,0027,NO,,,NO,,,,
65,0028,NO,,,NO,,,,
65,0029,NO,,,NO,,,,
65,0030,NO,,,NO,,,,
65,0031,YES,2007,070,NO,,,,
65,0032,NO,,,NO,,,,
65,0033,YES,1998,062,NO,,,"062 was first run in 1995.  033 was last run in 1992, although it still had NR records through 1998.",
65,0034,NO,,,NO,,,,
65,0035,NO,,,NO,,,,
65,0036,NO,,,NO,,,,
65,0037,NO,,,NO,,,,
65,0038,NO,,,NO,,,,
65,0039,NO,,,NO,,,,
65,0040,YES,2004,066,NO,,,Survey window was April 25-May 15,
65,0041,YES,1991,059,NO,,,Survey window was April 25-May 15,
65,0042,NO,,,NO,,,,
65,0043,NO,,,NO,,,,
65,0044,YES,2001,064,NO,,,Survey window was April 25-May 15,
65,0045,YES,1972,,NO,,,"This route was in the system from 1968-1971 and run in 1968-69, 1971, but we don't have a route map for it.  There is no mention of a replacement.  Survey window was Apr 25 to May 15-BR",
65,0046,NO,,,NO,,,,
65,0047,YES,1997,063,NO,,,Survey window was April 25-May 15,
65,0048,YES,2019,071,NO,,,,safety
65,0049,YES,1991,056,NO,,,,
65,0050,YES,1997,061,NO,,,,
65,0051,YES,2004,068,NO,,,,
65,0052,NO,,,NO,,,,
65,0053,NO,,,NO,,,,
65,0054,YES,2002,065,NO,,,,
65,0055,NO,,,NO,,,,
65,0056,NO,,,YES,1991,049,,
65,0057,NO,,,YES,1991,013,,
65,0058,NO,,,YES,1991,018,,
65,0059,YES,2020,072,YES,1991,041,This route was run from 1991-2019.  It replaced 041 in 1991 and had to replaced because a bridge was out after stop 1 and it was not going to be replaced.,bridge out
65,0060,NO,,,YES,1993,005,,
65,0061,NO,,,YES,1997,050,"This route was first run in 1993 and replaced 050, however 050 was still run up through 1997.",
65,0062,NO,,,YES,1995,033,,
65,0063,YES,2004,067,YES,1997,047,,
65,0064,NO,,,YES,2001,044,,
65,0065,NO,,,YES,2002,054,,
65,0066,YES,2020,,YES,2004,040,No replacement for this route at this time,"safety issue, poor shoulders and high volume of traffic"
65,0067,NO,,,YES,2004,063,,
65,0068,NO,,,YES,2004,051,,
65,0069,NO,,,YES,2000,022,,
65,0070,NO,,,YES,2007,031,,
65,0071,NO,,,YES,2019,048,,
65,0072,NO,,,YES,2020,059,,
66,0001,NO,,,NO,,,,
66,0002,YES,1989,086,NO,,,,
66,0003,NO,,,NO,,,"It looks like there is a history of change on this rte, but years are not mentioned-BR",
66,0004,NO,,,NO,,,,
66,0005,NO,,,NO,,,,
66,0006,NO,,,NO,,,,
66,0007,NO,,,NO,,,,
66,0008,NO,,,NO,,,,
66,0009,NO,,,NO,,,,
66,0010,YES,2013,100,NO,,,,
66,0011,NO,,,NO,,,,
66,0012,NO,,,NO,,,"On an old map there is a crossed out route path with the new rte path shown, but there is no mention of when this might have occurred-BR",
66,0013,NO,,,NO,,,,
66,0014,NO,,,NO,,,,
66,0015,NO,,,NO,,,,
66,0016,NO,,,NO,,,,
66,0017,NO,,,NO,,,,
66,0018,NO,,,NO,,,,
66,0019,NO,,,NO,,,,
66,0020,NO,,,NO,,,,
66,0021,NO,,,NO,,,,
66,0022,NO,,,NO,,,,
66,0023,NO,,,NO,,,,
66,0024,NO,,,NO,,,,
66,0025,NO,,,NO,,,,
66,0026,NO,,,NO,,,,
66,0027,NO,,,NO,,,,
66,0028,NO,,,NO,,,,
66,0029,NO,,,NO,,,,
66,0030,NO,,,NO,,,"route map & path change notation 4/1977, however, it looks like they never updated the rte #, no indication as to why-BR",
66,0031,NO,,,NO,,,,
66,0032,NO,,,NO,,,,
66,0033,NO,,,NO,,,,
66,0034,NO,,,NO,,,,
66,0035,NO,,,NO,,,,
66,0036,NO,,,NO,,,,
66,0037,NO,,,NO,,,,
66,0038,NO,,,NO,,,,
66,0039,NO,,,NO,,,,
66,0040,NO,,,NO,,,,
66,0041,NO,,,NO,,,,
66,0042,NO,,,NO,,,,
66,0043,NO,,,NO,,,,
66,0044,YES,2007,091,NO,,,,
66,0045,NO,,,NO,,,,
66,0046,NO,,,NO,,,,
66,0047,NO,,,NO,,,,
66,0048,NO,,,NO,,,,
66,0049,NO,,,NO,,,,
66,0050,NO,,,NO,,,,
66,0051,YES,1999,,NO,,,"DC in 1999, no mention of a replacement rte on map.  Rte was last run in 1989, CZ from 1990-1994, reactivated in 1995, but never ran so stayed active in system through 1998.  In 1989 obs indicated this rte was within the city limits of Columbus and sugges",
66,0052,YES,2010,092,NO,,,,
66,0053,NO,,,NO,,,,
66,0054,NO,,,NO,,,,
66,0055,NO,,,NO,,,,
66,0056,NO,,,NO,,,,
66,0057,NO,,,NO,,,,
66,0058,NO,,,NO,,,,
66,0059,NO,,,NO,,,,
66,0060,NO,,,NO,,,,
66,0061,NO,,,NO,,,"There is a crossed out rte path on one of the older maps that says not proper rte, no other info provided to suggest rte change or what year-BR",
66,0062,NO,,,NO,,,,
66,0063,NO,,,NO,,,,
66,0064,YES,2003,090,NO,,,,
66,0065,YES,,088,NO,,,,
66,0066,NO,,,NO,,,,
66,0067,NO,,,NO,,,"There is a crossed out section of a rte path on an old map, but there is no solid evidence of a rte change or when this occurred or did occur-BR",
66,0068,NO,,,NO,,,,
66,0069,NO,,,NO,,,,
66,0070,NO,,,NO,,,,
66,0071,NO,,,NO,,,,
66,0072,NO,,,NO,,,"There is an old rte map that says wrong route on it, but no mention of why this is here or when something might have changed-BR",
66,0073,YES,1999,089,NO,,,,
66,0074,YES,1982,,NO,,,"DC in 1982, a notation on the 1981 survey form by Steve Miller indicates that the rte is in suburban Cincinnati along a major rte.  The old rte became a 4 lane hwy.  It also passes by an international airport which makes hearing a woodcock impossible.  Lo",
66,0075,NO,,,NO,,,,
66,0076,NO,,,NO,,,,
66,0077,NO,,,NO,,,,
66,0078,NO,,,NO,,,,
66,0079,NO,,,NO,,,,
66,0080,NO,,,NO,,,"Old rte map indicates that there was something wrong with the rte path on map given to obs…a notation from John Bittner on April 24, 1970 indicates that the rd intersection is County Rd #8 & the last rd as you leave the town of Wilkesville.  He saw no roa",
66,0081,NO,,,NO,,,,
66,0082,NO,,,NO,,,,
66,0083,NO,,,NO,,,,
66,0084,NO,,,NO,,,,
66,0086,NO,,,YES,1989,002,,
66,0087,NO,,,NO,,,,
66,0088,NO,,,YES,1993,065,,
66,0089,NO,,,YES,1994,073,,
66,0090,NO,,,YES,2003,064,,
66,0091,NO,,,YES,2002,044,,
66,0092,NO,,,YES,2010,052,,
66,0100,NO,,,YES,2013,010,,
68,0001,NO,,,NO,,,,
68,0002,YES,2012,256,NO,,,Survey Window May 1-20,
68,0003,NO,,,NO,,,,
68,0004,YES,2022,273,NO,,,Survey Window was May 1-20,"safety, runs along Trans Canada Hwy"
68,0005,YES,2004,249,NO,,,Survey Window was May 1-20,
68,0006,NO,,,NO,,,,
68,0007,NO,,,NO,,,,
68,0008,NO,,,NO,,,,
68,0009,NO,,,NO,,,,
68,0010,YES,2018,267,NO,,,Survey Window was May 1-20,
68,0011,NO,,,NO,,,,
68,0012,YES,2018,266,NO,,,Survey Window was May 1-20,
68,0013,YES,1971,,NO,,,This rte was active in the system from 1968-1970 and ran all three years.  There is no indication on the rte map as to why this was dropped from the survey other than a notation on the 1970 survey form that says there was considerable aircraft noise from local airport. Survey Window was May 1-20,
68,0014,NO,,,NO,,,,
68,0015,NO,,,NO,,,,
68,0016,NO,,,NO,,,,
68,0017,YES,2022,275,NO,,,Survey Window was Apr 25-May 15,"DC after 2022 season, rd conditions precluded observer from being able to conduct survey consistently from yr to yr"
68,0018,YES,1974,,NO,,,"DC in 1974, last run in 1973.  No indication on map or survey forms as to it being DC or why it was dropped-BR Survey Window was May 1 - 20",
68,0019,NO,,,NO,,,,
68,0020,NO,,,NO,,,,
68,0021,YES,1981,,NO,,,"It was active in the system from 1974-1981, but never run.  We don’t even have a route map for it-BR",
68,0022,YES,2012,253,NO,,,Survey Window was Apr 25-May 15,
68,0023,NO,,,NO,,,,
68,0024,NO,,,NO,,,,
68,0025,NO,,,NO,,,,
68,0026,YES,2017,262,NO,,,Survey window was Apr 25-May15,218 became active in 2018
68,0027,YES,1973,,NO,,,"It was run in 1968, 1970 and 1972.  We do not have a route map for it, although the survey form indicates it was in Renfrew county on Brent Rd.  There is no mention of why this route was dropped from the system or why it was not replaced. Survey window likely was Apr 25-May 15-BR",
68,0028,NO,,,NO,,,,
68,0029,NO,,,NO,,,,
68,0031,YES,1990,,NO,,,"Although this route was active till 1989, it was only run 4 times during that time period.  There is no evidence as to why it was DC other than the last time it was run in 1984, the obs indicated that habitat was minimal and mostly in conifer plantations-BR Survey window was May 1-20.",
68,0032,NO,,,NO,,,,
68,0033,YES,2016,259,NO,,,Survey window was Apr 25-May 15,
68,0034,YES,1973,,NO,,,"Active in system from 1968-1972, it was also run 4 of the 5 years as well.  No route map is available for this route, although it was in Renfrew county and I found a notation that says it was near Carson Lake.  In 1972 this route took 56 minutes to complete. Survey window was Apr 25-May 15",
68,0035,NO,,,NO,,,,
68,0036,NO,,,NO,,,,
68,0037,NO,,,NO,,,,
68,0038,NO,,,NO,,,,
68,0039,NO,,,NO,,,,
68,0040,YES,2019,261,NO,,,Survey Window was Apr 25-May 15,
68,0041,YES,2017,261,NO,,,Survey Window was Apr 25-May 15,
68,0042,YES,1982,,NO,,,"We have no route map for this route.  It was only run three times from 1968 -1971.  It was in a CZ status the entire rest of the time till 1981.  I don't understand why since our system now only lets you do CZ records for 5 years.  It was obviously different then and they could manually override something.  The last time it was run in 1971, the obs indicated that the habitat had been changed drastically due to logging operations along most of the rd.  I did not find any other mention of why it would have been DC-BR Survey Window was most likely Apr 25-May 15",
68,0043,NO,,,NO,,,,
68,0044,NO,,,NO,,,,
68,0045,NO,,,NO,,,,
68,0046,NO,,,NO,,,,
68,0047,YES,1984,,NO,,,"There is no mention of this route being DC or replaced by another route on the route map.  It was last run in 1976 and in and out of CZ status along with not being run for a few different years.  No woodcock were ever heard peenting on it, although 3 were displaying at stop 1 in 1976-BR  Survey Window was Apr 25-May 15",
68,0048,YES,2009,263,NO,,,Survey window was Apr 25-May 15,
68,0049,YES,2014,255,NO,,,Survey window was Apr 25-May 15,
68,0050,NO,,,NO,,,,
68,0051,NO,,,NO,,,,
68,0052,NO,,,NO,,,,
68,0053,YES,1990,,NO,,,"This route was active in the system from 1975 - 1989, but it was never run.  We do not have a route map for it.  I would delete it from the system.",
68,0054,YES,1976,,NO,,,"DC in 1976 but no replacement route#.  This route was run in 1968-1969, 1971, 1974-1975.  We have a route map for it, but not mention of it being DC on the map.  It was located near the town of Gooderham just south of Contau Lake on Fortesque Lake Rd. No mention of why it was DC on survey forms either-BR Survey window was Apr 25-May 15",
68,0055,NO,,,NO,,,,
68,0056,NO,,,NO,,,,
68,0057,NO,,,NO,,,,
68,0058,NO,,,NO,,,,
68,0059,NO,,,NO,,,,
68,0060,NO,,,NO,,,,
68,0061,YES,2012,254,NO,,,Survey window was Apr 25-May 15,
68,0062,NO,,,NO,,,,
68,0063,NO,,,NO,,,,
68,0064,NO,,,NO,,,,
68,0065,NO,,,NO,,,,
68,0066,NO,,,NO,,,,
68,0067,NO,,,NO,,,,
68,0068,NO,,,NO,,,,
68,0069,NO,,,NO,,,,
68,0070,NO,,,NO,,,,
68,0071,NO,,,NO,,,,
68,0072,NO,,,NO,,,,
68,0073,NO,,,NO,,,,
68,0074,YES,2001,248,NO,,,Survey window was Apr 25-May 15,
68,0075,NO,,,NO,,,,
68,0076,NO,,,NO,,,,
68,0077,NO,,,NO,,,,
68,0078,NO,,,NO,,,,
68,0079,NO,,,NO,,,,
68,0080,NO,,,NO,,,,
68,0081,NO,,,NO,,,,
68,0082,YES,2006,264,NO,,,"DC in 2006, but a replacement route was not created until 2017.","VERY BUSY HWY MANY POWER/WIND MILLS HAVE GONE UP, LIMITING OBS ABILITY TO HEAR WDCK"
68,0083,NO,,,NO,,,,
68,0084,NO,,,NO,,,,
68,0085,YES,2021,270,NO,,,Survey window was Apr 20-May 10,"road got too rough and could not get to stop 1, also hwy noise so loud you could not hear wdck peenting"
68,0086,YES,2018,265,NO,,,Survey window was Apr 20-May 10,
68,0087,YES,1985,252,NO,,,Survey window was Apr 20-May 10,
68,0088,NO,,,NO,,,,
68,0089,NO,,,NO,,,,
68,0090,NO,,,NO,,,,
68,0091,YES,1969,,NO,,,"This route was active & run in the system for only 1968.  I found a note on a map labeled 091 from 1981 that JLH could not discern the start, finish or location of the route with certainly.  They asked for clarification when the survey results were sent in.  The survey form says it was run in Middlesex (036) rather than Huron county due to roads in the area, however, the route map we have shows the rte just west of Niagra Falls, Ontario in Welland County.  Now, I'm not sure which route path was actually run in 1968-BR",
68,0092,NO,,,NO,,,,
68,0093,NO,,,NO,,,,
68,0094,NO,,,NO,,,,
68,0095,NO,,,NO,,,Note that says 'may relocate in 2002'.  This is not the case.  You can delete this notation as it has not been DC or is being considered-BR,
68,0096,NO,,,NO,,,,
68,0097,NO,,,NO,,,,
68,0098,YES,1995,242,NO,,,Survey window was Apr 20-May 10,
68,0099,NO,,,NO,,,,
68,0100,NO,,,NO,,,,
68,0101,YES,1970,,NO,,,This route was active and run in our system from 1968-1969.  We have no route map for it.  Need to investigate survey forms to see why it might have been DC and not replaced-BR Survey window was likely Apr 20-May 10,
68,0102,NO,,,NO,,,,
68,0103,YES,2001,243,NO,,,"THIS ROUTE WAS DC AFTER 2001, BUT THE RTE PATH WAS RUN AGAIN IN 2004.  NOT SURE WHY IT WAS ORIGINALLY DC AFTER 1991 - SEE EMAIL COORESPONDENCE WITH ROUTE MAP. Survey window was Apr 20-May 10",
68,0104,NO,,,NO,,,,
68,0105,NO,,,NO,,,,
68,0106,NO,,,NO,,,,
68,0107,NO,,,NO,,,,
68,0108,NO,,,NO,,,,
68,0109,NO,,,NO,,,,
68,0110,NO,,,NO,,,,
68,0111,NO,,,NO,,,,
68,0113,NO,,,NO,,,,
68,0114,YES,1990,,NO,,,"This route was active in our system from 1985-1989.  It was run from 1985-1987 and CZ in 88 and 89.  On the route map it says new route 1985, but it does not mention if it replaced anything or why it was DC after 1989.  Need to investigate survey forms to see why it might have been DC and not replaced or why it was established in 1985 and if it replaced anything-BR Survey window was Apr 20-May 10",
68,0115,YES,2015,258,NO,,,Survey window was Apr 20-May 10,
68,0116,NO,,,NO,,,,
68,0117,NO,,,NO,,,,
68,0118,NO,,,NO,,,"Says replaced by 120 on rte map, but 120 does not say it is a replacement.  BR says, this route is still active in our system from 1987.  It was never DC in our route table, therefore it remained active.  I'm assuming 120 took over another route, but it does not say what as 120 is still active in our database as well-BR",
68,0119,YES,1988,121,NO,,,Survey window was Apr 20-May 10,
68,0120,NO,,,NO,,,,
68,0121,NO,,,YES,1988,119,,
68,0128,YES,1977,,NO,,,This route was active in our system from 1968-1976 and run all those years except 1971.  We do not have a map for this route.  Need to investigate survey forms to see why it might have been DC and if replaced or not-BR,
68,0130,NO,,,NO,,,,
68,0131,NO,,,NO,,,,
68,0132,NO,,,NO,,,,
68,0133,NO,,,NO,,,,
68,0134,NO,,,NO,,,,
68,0135,NO,,,NO,,,,
68,0201,YES,1998,250,NO,,,Survey window was May 1-20,
68,0202,YES,1984,,NO,,,"This route was active in our system from 1978 to 1983, but only run once in 1978.  The rte map does not indicate why it might have been DC, other than this is the start of all the northern experimental routes that were set up around this time frame (starting with 201).  Maybe it was just not a good route to do..need to check survey form to see what type of notes there might be about it and if it was ever replaced-BR Survey window was May 1-20",
68,0203,YES,2001,247,NO,,,Survey window was May 1-20,
68,0204,YES,1998,251,NO,,,Survey window was May 1-20,
68,0205,YES,2022,271,NO,,,Survey window was May 1-20,"Rte on Hwy, safety issues"
68,0206,YES,1991,,NO,,,"This route was active in our system from 1978-1990, but only run the one time in 1978.  I wrote in a note on the route map that says it was DC in 1988.  I don't know where I got that from.  Maybe an old survey form.  So I wrote 1991 as the DC year since it was still active in our system until 1990.  Meaning there were not run records in the database up through 1990.  This was another northern experimental route that was set up around this time frame (starting with 201).  Maybe it was just not a good route to do..need to check survey form to see what type of notes there might be about it and if it was ever replaced-BR Survey window was May 1-20",
68,0207,YES,,,NO,,,Never run.  This route has never been in our system.  It was never run or active although we have a drawn up route map for it.  You can delete this record-BR,
68,0208,NO,,,NO,,,,
68,0209,NO,,,NO,,,,
68,0210,NO,,,NO,,,,
68,0211,NO,,,NO,,,,
68,0212,YES,2019,269,NO,,,Survey window was May 1-20,rerouted public road access due to mine
68,0213,NO,,,NO,,,,
68,0214,NO,,,NO,,,,
68,0215,YES,1984,,NO,,,"This route was active in our system from 1981-1983, but only run once in 1981.  We do not have a route map for it.  Again, it was probably one of the experimental routes and got dropped.  Need to check survey form to see what type of notes there might be about it and if it was ever replaced or not-BR",
68,0216,YES,2008,217,NO,,,"This route was active in our system from 1981-2007.  It was DC in 2008.  The observer thinkign she was running 216, actually ran 217 because the route is literally, right next to it.  So it seemed natural to just reactivate 217 (as it seemed fine to the observer) and DC 216, which was not as good of a route.  That way we avoided double routes in the same degree block for future years-BR Survey window was May 1-20",
68,0217,NO,,,YES,2008,216,"Yes, it looks like this route was DC after 1983, but then it became active again in 2008 after 216 was DC at the same time and the obs accidentally ran 217 and thought it was the better of the two routes anyway - see flag notes about 216 for more info-BR",
68,0218,NO,,,NO,,,,
68,0219,YES,1990,236,NO,,,"This route was active in the system from 1981 to 1989, but only run once in 1981 by double observers.  It was the same rte path as 236, so it was DC in 1990. No overlap in 1981 btwn the two rtes. BR",
68,0220,YES,,,NO,,,Never run. My route map shows that 220 was right next to 219.  Route 220 was never run or in our system.  It can be dropped from this list-BR,
68,0221,NO,,,NO,,,,
68,0222,NO,,,NO,,,,
68,0223,NO,,,NO,,,,
68,0224,YES,1990,,NO,,,"This route was active in our system from 1981-1989, but only run in 1981.  There is no mention of it being DC or replaced on the route map.  Need to check survey form to see what type of notes there might be about it and if it was ever replaced or not-BR Survey window was May 1-20",
68,0225,YES,2000,246,NO,,,Survey window was May 1-20,
68,0226,YES,1984,,NO,,,"This route was active in our system from 1981-1983, but only run in 1981.  No indication on route map of it being DC or replaced.  Need to check survey form to see what type of notes there might be about it and if it was ever replaced or not-BR Survey Window was May 1-20",
68,0231,YES,1984,,NO,,,"This route was active in our system from 1981-1983, but only run in 1981.  No indication on route map of it being DC or replaced.  Need to check survey form to see what type of notes there might be about it and if it was ever replaced or not-BR Survey window was May 1-20",
68,0232,NO,,,NO,,,,
68,0233,NO,,,NO,,,,
68,0234,YES,1996,245/996,NO,,,"Same rte path, I guess there was a mix up.  Not much documentation on this. Survey window was May 1-20",
68,0235,NO,,,NO,,,,
68,0236,NO,,,YES,1990,219,"same route path as 219, therefore 219 was DC.  No overlap years existed during survey-BR",
68,0240,NO,,,NO,,,,
68,0241,NO,,,NO,,,,
68,0242,NO,,,YES,1996,098,"first run in 1991, but 098 wasn't DC untiil 1996",
68,0243,NO,,,YES,1991,103,"Replaced 103 in 1991, but not run until 2003.",
68,0244,NO,,,NO,,,,
68,0245,YES,1997,,YES,1996,234,"This was the same rte path as 996 to replace 234.  Some mix up back in the day. Now both 245 & 996 are DC and replaced by 247. THIS ROUTE WAS RUN FOR ONE YEAR AS 245 IN 1996 TO REPLACE ROUTE 234, THEN RUN IN FUTURE YEARS AS 996, NO DOCUMENTATION. Survey window was May 1-20",
68,0246,YES,2016,260,YES,2000,225,Survey window was May 1-20,
68,0247,NO,,,YES,2001,203,"This also replaced 245 & 996 that were both DC.  This must be in the same general area and they decided to just go with 247 to replace all routes, 203/234/245/996. 234 was replaced by 245 & 996 in 1996.-BR",
68,0248,NO,,,YES,2002,074,,
68,0249,NO,,,YES,2004,005,,
68,0250,YES,2022,272,YES,1998,201,survey window May 1-20,not passable during survey season
68,0251,NO,,,YES,1998,204,,
68,0252,NO,,,YES,1985,087,,
68,0253,NO,,,YES,2012,022,,
68,0254,NO,,,YES,2012,061,,
68,0255,NO,,,YES,2014,049,,
68,0256,NO,,,YES,2012,002,,
68,0257,NO,,,YES,2010,996,,
68,0258,NO,,,YES,2015,115,,
68,0259,NO,,,YES,2016,033,,
68,0260,YES,2022,274,YES,2016,246,Survey window was May 1-20,road never fixed and continued to stay too rough to run
68,0261,NO,,,YES,2017,041,,
68,0262,NO,,,YES,2017,026,,
68,0263,NO,,,YES,2009,048,retroactive route change,
68,0264,NO,,,YES,2017,082,,
68,0265,NO,,,YES,2018,086,,
68,0266,NO,,,YES,2018,012,,
68,0267,NO,,,YES,2018,010,,
68,0268,NO,,,YES,2019,040,,
68,0269,NO,,,YES,2019,212,,
68,0270,NO,,,YES,2021,085,,condition of rd so bad you could not get to stop 1 and hwy noise along rte path so loud you could not hear woodcock peenting
68,0271,NO,,,YES,2022,205,,"Rte on Hwy, safety issues"
68,0272,NO,,,YES,2022,250,,Not passable during survey season
68,0273,NO,,,YES,2022,004,,"safety, runs along Trans Canada Hwy"
68,0274,NO,,,YES,2022,260,,road never got fixed and continued to be too rough to run
68,0275,NO,,,YES,2022,017,,Rd conditions precluded observer from being able to conduct survey consistently from yr to yr
68,0996,YES,2010,257,YES,1997,245,This route replaced 245 in 1997 and was active till 2010 when it was DC and replaced by 257,
68,0997,NO,,,NO,,,,
68,0998,YES,1998,,NO,,,This route was active in our system from 1994-1997.  We do not have a route map for it.  Need to check survey form to see what type of notes there might be about it and if it was ever replaced or not-BR,
68,0999,YES,2000,,NO,,,This route was active in our system from 1968-1999.   We do not have a route map for it.  Need to check survey form to see what type of notes there might be about it and if it was ever replaced or not-BR,
72,0001,NO,,,NO,,,,
72,0002,YES,2009,095,NO,,,,
72,0003,NO,,,NO,,,,
72,0004,NO,,,NO,,,,
72,0005,NO,,,NO,,,,
72,0006,NO,,,NO,,,,
72,0007,NO,,,NO,,,,
72,0008,NO,,,NO,,,,
72,0009,NO,,,NO,,,,
72,0010,NO,,,NO,,,,
72,0011,YES,1981,076,NO,,,,
72,0012,NO,,,NO,,,,
72,0013,NO,,,NO,,,,
72,0014,NO,,,NO,,,,
72,0015,NO,,,NO,,,,
72,0016,YES,2014,097,NO,,,,
72,0017,NO,,,NO,,,,
72,0018,NO,,,NO,,,,
72,0019,NO,,,NO,,,,
72,0020,YES,1978,079,NO,,,,
72,0021,NO,,,NO,,,,
72,0022,NO,,,NO,,,,
72,0023,YES,2013,096,NO,,,,
72,0024,NO,,,NO,,,,
72,0025,NO,,,NO,,,,
72,0026,NO,,,NO,,,,
72,0027,NO,,,NO,,,,
72,0028,NO,,,NO,,,,
72,0029,YES,1998,086,NO,,,,
72,0030,YES,2003,087,NO,,,,
72,0031,NO,,,NO,,,,
72,0032,NO,,,NO,,,,
72,0033,NO,,,NO,,,,
72,0034,YES,2016,098,NO,,,,
72,0035,NO,,,NO,,,,
72,0036,NO,,,NO,,,,
72,0037,NO,,,NO,,,,
72,0038,NO,,,NO,,,,
72,0039,YES,1973,091,NO,,,,
72,0040,NO,,,NO,,,,
72,0041,YES,1993,084,NO,,,,
72,0042,NO,,,NO,,,,
72,0043,NO,,,NO,,,,
72,0044,YES,1991,082,NO,,,,
72,0045,NO,,,NO,,,,
72,0046,NO,,,NO,,,,
72,0047,YES,1978,,NO,,,"This route was active in our system from 1968-1977, but last run in 1971.  No mention of replacement rte # on the route map.  Need to check survey form to see what type of notes there might be about it and if it was ever replaced or not-BR",
72,0048,YES,1993,085,NO,,,,
72,0049,YES,1982,077,NO,,,,
72,0050,NO,,,NO,,,,
72,0051,YES,2006,092,NO,,,,
72,0052,YES,1991,081,NO,,,,
72,0053,NO,,,NO,,,,
72,0054,YES,1991,080,NO,,,,
72,0055,NO,,,NO,,,,
72,0056,NO,,,NO,,,,
72,0057,NO,,,NO,,,,
72,0058,YES,1991,083,NO,,,,
72,0059,NO,,,NO,,,,
72,0060,YES,1985,078,NO,,,,
72,0061,YES,2006,090,NO,,,,
72,0062,NO,,,NO,,,,
72,0063,NO,,,NO,,,,
72,0064,NO,,,NO,,,,
72,0065,NO,,,NO,,,,
72,0066,YES,2017,099,NO,,,,
72,0067,NO,,,NO,,,,
72,0068,NO,,,NO,,,,
72,0069,NO,,,NO,,,,
72,0070,NO,,,NO,,,,
72,0071,NO,,,NO,,,,
72,0072,YES,2007,093,NO,,,,
72,0073,NO,,,NO,,,,
72,0074,NO,,,NO,,,,
72,0075,YES,1982,,NO,,,John Tautin wrote on the route map that this route was dropped from the survey in 1982 with no replacement selected.,
72,0076,NO,,,YES,1976,011,,
72,0077,NO,,,YES,1982,049,,
72,0078,NO,,,YES,1985,060,,
72,0079,NO,,,YES,1978,020,,
72,0080,NO,,,YES,1991,054,,
72,0081,NO,,,YES,1991,052,,
72,0082,YES,2005,089,YES,1991,044,"This route was DC in 2005 due to unsafe pull off locations along many stops, it was replaced by 089 in 2005-BR",
72,0083,NO,,,YES,1991,058,,
72,0084,YES,1993,041,YES,1993,041,"Only run one year in 1993.  It replaced 041.  However, there are notes that indicate the following year 041 was reactivated and run until 2003 when it was deemed too hazardous to run.  Then 041 was DC and replaced with 088 in 2004-BR",
72,0085,NO,,,YES,1993,048,,
72,0086,NO,,,YES,1998,029,,
72,0087,NO,,,YES,2003,030,,
72,0088,NO,,,YES,2005,041,,
72,0089,NO,,,YES,2005,082,,
72,0090,NO,,,YES,2006,061,,
72,0091,YES,2009,094,YES,1973,039,,
72,0092,NO,,,YES,2007,051,,
72,0093,NO,,,YES,2007,072,,
72,0094,NO,,,YES,2009,092,,
72,0095,NO,,,YES,2009,002,,
72,0096,NO,,,YES,2013,023,,
72,0097,NO,,,YES,2014,016,,
72,0098,NO,,,YES,2016,034,,
72,0099,NO,,,YES,2017,066,,
75,0001,YES,,012,NO,,,,
75,0002,NO,,,NO,,,,
75,0003,NO,,,NO,,,,
75,0004,NO,,,NO,,,,
75,0005,NO,,,NO,,,,
75,0006,NO,,,NO,,,,
75,0007,YES,,013,NO,,,,
75,0008,NO,,,NO,,,,
75,0009,NO,,,NO,,,,
75,0010,NO,,,NO,,,,
75,0011,NO,,,NO,,,,
75,0012,NO,,,YES,,001,,
75,0013,NO,,,YES,,007,,
76,0011,NO,,,NO,,,QC rt#,
76,0021,NO,,,NO,,,QC rt#,
76,0032,NO,,,NO,,,Was this disc?,
76,0041,NO,,,NO,,,QC rt#,
76,0050,NO,,,NO,,,,
76,0060,NO,,,NO,,,QC rt#,
76,0070,NO,,,NO,,,"QC rt#, disc 1984?",
76,0080,NO,,,NO,,,"QC rt#, disc 1984?",
76,0090,YES,1981,,NO,,,Not clear if replaced,
76,0101,NO,,,NO,,,QC rt#,
76,0121,NO,,,NO,,,QC rt#,
76,0131,NO,,,YES,1984,0130,"QC rt#, did this replace 13? Should 13 by SGS route?",
76,0140,YES,1981,,NO,,,Not clear if replaced,
76,0151,NO,,,NO,,,"QC rt#, no data?",
76,0161,NO,,,NO,,,Was this disc?,
76,0172,YES,2012,,NO,,,"QC rt#, disc? Replaced by?",
76,0180,NO,,,NO,,,"QC rt#, disc 1984?""",
76,0190,NO,,,NO,,,"QC rt#, disc 1984?",
76,0201,NO,,,NO,,,"QC rt#, no data?",
76,0210,YES,1974,,NO,,,Not clear if replaced,
76,0220,NO,,,NO,,,"QC rt#, disc 1984?",
76,0230,NO,,,NO,,,was this discontinued?,
76,0240,NO,,,YES,2013,0241,,
76,0241,YES,2013,0240,YES,2012,0240,QC rt#,"24A was suppose to replace 24, but only did for one year in 2012. 24 is now the active route again"
76,0250,NO,,,NO,,,"QC rt#, disc 1985?",
76,0260,NO,,,NO,,,QC rt#,
76,0270,NO,,,NO,,,QC rt#,
76,0280,NO,,,NO,,,"QC rt#, no data?",
76,0290,NO,,,NO,,,QC rt#,
76,0302,NO,,,NO,,,QC rt#,
76,0310,NO,,,NO,,,,
76,0320,NO,,,NO,,,,
76,0330,YES,1987,,NO,,,Not clear if discontinued,
76,0343,NO,,,NO,,,QC rt#,
76,0350,YES,,,NO,,,"QC rt#, was disc? Replaced by?",
76,0360,NO,,,NO,,,"QC rt#, disc 1986?",
76,0370,NO,,,NO,,,"QC rt#, no data?",
76,0380,NO,,,NO,,,"QC rt#, no data?",
76,0390,YES,1990,,NO,,,"QC rt#, was disc? Replaced by?",
76,0400,NO,,,NO,,,QC rt#,
76,0410,NO,,,NO,,,QC rt#,
76,0420,NO,,,NO,,,"QC rt#, no data?",
76,0440,NO,,,NO,,,"QC rt#, no data?",
76,0450,NO,,,NO,,,"QC rt#, no data?",
76,0460,YES,1983,,NO,,,Not clear if replaced,
76,0472,NO,,,NO,,,QC rt#,
76,0480,NO,,,NO,,,,
76,0491,NO,,,NO,,,QC rt#,
76,0501,NO,,,NO,,,QC rt#,
76,0511,NO,,,NO,,,QC rt#,
76,0521,NO,,,NO,,,QC rt#,
76,0530,YES,1983,,NO,,,Not clear if repalced,
76,0540,NO,,,NO,,,"QC rt#, NO data?",
76,0550,NO,,,NO,,,"QC rt#, no data?",
76,0560,NO,,,NO,,,"QC rt#, disc 1979?",
76,0570,NO,,,NO,,,"QC rt#, no data?",
76,0580,NO,,,NO,,,"QC rt#, no data?",
76,0590,NO,,,NO,,,QC rt#,
76,0601,NO,,,NO,,,QC rt#,
76,0610,NO,,,NO,,,QC rt#,
76,0620,NO,,,NO,,,"QC rt#, no data?",
76,0630,NO,,,NO,,,"QC rt#, no data?",
76,0640,NO,,,NO,,,"QC rt#, no data?",
76,0651,NO,,,NO,,,QC rt#,
76,0660,YES,1988,,NO,,,"QC rt#, was disc? Replaced by?",
76,0670,NO,,,NO,,,"QC rt#, no data?",
76,0680,NO,,,NO,,,QC rt#,
76,0691,NO,,,NO,,,QC rt#,
76,0700,YES,2000,,NO,,,"QC rt#, was disc? Repalced by?",
76,0710,NO,,,NO,,,"QC rt#, no data?",
76,0751,NO,,,NO,,,QC rt#,
76,0780,NO,,,NO,,,QC rt#,
76,0810,NO,,,NO,,,"QC rt#, no data?",
76,0830,NO,,,NO,,,QC rt#,
76,0840,NO,,,NO,,,"QC rt#, no data?",
76,0870,NO,,,NO,,,"QC rt#, no data?",
76,0880,NO,,,NO,,,"QC rt#, no data?",
76,0891,YES,2022,0892,NO,,,QC rt#,Stops 8-10 pull off locations were unsafe
76,0892,NO,,,YES,2022,0891,,Stops 8-10 pull off locations were unsafe
76,0901,NO,,,NO,,,Was this disc?,
76,0912,NO,,,NO,,,QC rt#,
76,0921,NO,,,NO,,,QC rt#,
76,0930,YES,1993,,NO,,,"QC rt#, was disc? Replaced by?",
76,0951,NO,,,NO,,,QC rt#,
76,0960,NO,,,NO,,,"QC rt#, no data?",
76,0970,NO,,,NO,,,"QC rt#, no data?",
76,1010,NO,,,NO,,,,
76,1050,NO,,,NO,,,Not clear if disc or replaced,
76,1060,NO,,,NO,,,"QC rt#, no data?",
76,1110,NO,,,NO,,,"QC rt#, no data?",
76,1120,NO,,,NO,,,,
76,1131,NO,,,NO,,,QC rt#,
76,1170,NO,,,NO,,,"QC rt#, no data?",
76,1190,NO,,,NO,,,"QC rt#, no data?",
76,1280,YES,2010,,NO,,,Not clear if repalced,
76,1290,NO,,,NO,,,QC rt#,
76,1310,YES,1984,,NO,,,Not clear if replaced,
76,1320,NO,,,NO,,,"QC rt#, no data?",
76,1331,NO,,,NO,,,QC rt#,
76,1340,NO,,,NO,,,"QC rt#, no data?",
76,1350,NO,,,NO,,,"QC rt#, no data?",
76,1360,NO,,,NO,,,"QC rt#, no data?",
76,1370,NO,,,NO,,,"QC rt#, no data?",
76,1380,NO,,,NO,,,"QC rt#, no data?",
76,1450,NO,,,NO,,,,
76,1460,NO,,,NO,,,,
76,1470,YES,2018,1471,NO,,,,locked gate after stop 7
76,1471,NO,,,YES,2018,1470,,
76,1481,NO,,,NO,,,QC rt#,
76,1494,NO,,,NO,,,QC rt#,
76,1510,NO,,,NO,,,"QC rt#, no data?",
76,1520,NO,,,NO,,,"QC rt#, no data?",
76,1530,NO,,,NO,,,,
76,1540,NO,,,NO,,,,
76,1552,NO,,,NO,,,QC rt#,
76,1560,NO,,,NO,,,,
76,1570,NO,,,NO,,,"QC rt#, no data?",
76,1582,NO,,,YES,2014,1581,"QC rt#, was 158A part of SGS?",
76,1590,NO,,,NO,,,,
76,1600,NO,,,NO,,,"QC rt#, no data?",
76,1610,NO,,,NO,,,"QC rt#, no data?",
76,1630,NO,,,NO,,,"QC rt#, no data?",
76,1640,NO,,,NO,,,,
76,1651,NO,,,NO,,,QC rt#,
76,1680,NO,,,NO,,,QC rt#,
76,1692,YES,2002,,NO,,,"QC rt#, disc? Replaced by?",
76,1700,NO,,,NO,,,"QC rt#, no data?",
76,1710,NO,,,NO,,,QC rt#,
76,1720,NO,,,NO,,,"QC rt#, no data?",
76,1732,NO,,,YES,,1731,"QC rt#, no data? Should 173A be part of database?",
76,1740,NO,,,NO,,,"QC rt#, no data?",
76,1750,NO,,,NO,,,"QC rt#, no data?",
76,1760,NO,,,NO,,,,
76,1770,NO,,,NO,,,,
76,1781,NO,,,NO,,,QC rt#,
76,1790,NO,,,NO,,,QC rt#,
76,1800,NO,,,NO,,,"QC rt#, 1 yr of data?",
76,1810,YES,1983,,NO,,,"QC rt#, disc? Replaced by?",
76,1841,NO,,,NO,,,QC rt#,
76,1850,NO,,,NO,,,QC rt#,
76,1870,NO,,,NO,,,"QC rt#, no data?",
76,1890,YES,,,NO,,,"QC rt#, was this disc?",
76,1900,NO,,,NO,,,,
76,1910,NO,,,NO,,,QC rt#,
76,1920,NO,,,NO,,,QC rt#,
76,1930,NO,,,NO,,,"QC rt#, no data?",
76,2301,NO,,,YES,,0110,"QC rt#, replaced 11 or 230? What year?",
76,4690,NO,,,YES,,0760,"QC rt#, repl yr? was 76 part of SGS?",
76,5110,NO,,,YES,,0770,Was 77 part of SGS? If so needs to be on this list,
76,7040,YES,,,YES,,1400,Was 140 part of SGS? If so needs to be on this list,
76,7410,NO,,,YES,,1390,"QC rt#, repl year, disc 1984? Is 139 part of SGS?",
76,7991,NO,,,YES,,0150,"QC rt#, repl yr? is 150 part of SGS?",
76,9350,NO,,,YES,,1880,"QC rt#, is 188 part of SGS? Disc 1984?",
77,0001,NO,,,NO,,,,
77,0002,NO,,,NO,,,,
77,0003,NO,,,NO,,,,
77,0004,YES,2019,005,NO,,,,"too congested, traffic, lights, etc did not allow rte to be run in time window"
77,0005,NO,,,YES,2019,004,,
88,0001,NO,,,NO,,,,
88,0002,NO,,,NO,,,,
88,0003,NO,,,NO,,,,
88,0004,NO,,,NO,,,,
88,0005,YES,1996,084,NO,,,,
88,0006,NO,,,NO,,,,
88,0007,YES,2015,093,NO,,,,
88,0008,NO,,,NO,,,,
88,0009,YES,1987,,NO,,,"This route was active in our system from 1969-1986 and last run in 1981.  It was located in Prince William county near Occoquan, which is probably why it was never replaced. Too busy of an area to probably be relocated it with safe secondary roads.  Need",
88,0010,NO,,,NO,,,,
88,0011,NO,,,NO,,,,
88,0012,NO,,,NO,,,,
88,0013,YES,1987,,NO,,,"Active in our system from 1969-1987, DC after that.  I wrote on the route map that there was no replacement.  It is just outside of Fredericksburg, which is a large suburb area.  Need to check survey form to see what type of notes there might be about it",
88,0014,NO,,,NO,,,,
88,0015,NO,,,NO,,,,
88,0016,NO,,,NO,,,,
88,0017,YES,2019,094,YES,2019,,,safety
88,0018,NO,,,NO,,,,
88,0019,NO,,,NO,,,,
88,0020,NO,,,NO,,,,
88,0021,NO,,,NO,,,,
88,0022,NO,,,NO,,,,
88,0023,NO,,,NO,,,,
88,0024,NO,,,NO,,,,
88,0025,NO,,,NO,,,,
88,0026,NO,,,NO,,,,
88,0027,NO,,,NO,,,,
88,0028,NO,,,NO,,,,
88,0029,YES,2010,088,NO,,,"088 WAS ESTABLISHED IN 2002 TO REPLACE 029, BUT 029 WAS NEVER DC. TODD ENGELMEYER (state coord) EVALUATED BOTH ROUTES IN 2010 AND DETERMINED THAT 029 SHOULD BE DC. 029 DC FOR 2010, REPLACED BY 088. -KP 5/3/2010.  I also noted that there is one year of ove",
88,0030,NO,,,NO,,,,
88,0031,NO,,,NO,,,,
88,0032,YES,1985,,NO,,,"A memo in 1985 kept in the map binder indicates that this route was no longer suitable since it was in a urban area with a high crime rate.  They took a look at the topo maps and determined that the entire area within the 10 minute block was unsuitable, t",
88,0033,NO,,,NO,,,,
88,0034,NO,,,NO,,,,
88,0035,NO,,,NO,,,,
88,0036,NO,,,NO,,,,
88,0037,NO,,,NO,,,,
88,0038,YES,2003,089,NO,,,,
88,0039,NO,,,NO,,,,
88,0040,NO,,,NO,,,,
88,0041,NO,,,NO,,,,
88,0042,NO,,,NO,,,,
88,0043,NO,,,NO,,,,
88,0044,YES,1995,085,NO,,,,
88,0045,NO,,,NO,,,,
88,0046,NO,,,NO,,,,
88,0047,NO,,,NO,,,,
88,0048,YES,2001,086,NO,,,,
88,0049,NO,,,NO,,,,
88,0050,YES,1981,081,NO,,,,
88,0051,NO,,,NO,,,,
88,0052,YES,2008,091,NO,,,,
88,0053,NO,,,NO,,,,
88,0054,NO,,,NO,,,,
88,0055,NO,,,NO,,,,
88,0056,NO,,,NO,,,,
88,0057,NO,,,NO,,,,
88,0058,NO,,,NO,,,,
88,0059,NO,,,NO,,,,
88,0060,NO,,,NO,,,,
88,0061,YES,2006,090,NO,,,,
88,0062,NO,,,NO,,,,
88,0063,NO,,,NO,,,,
88,0064,NO,,,NO,,,,
88,0065,NO,,,NO,,,,
88,0066,NO,,,NO,,,,
88,0067,NO,,,NO,,,,
88,0068,NO,,,NO,,,,
88,0069,NO,,,NO,,,,
88,0070,NO,,,NO,,,,
88,0071,YES,1981,,NO,,,A note on the survey map from John Tautin indicates that this route was dropped in 1981.  The first half of the route was locted on a major highway and most of it runs through commercial areas.  It was not replaced.,
88,0072,NO,,,NO,,,,
88,0073,NO,,,NO,,,,
88,0074,NO,,,NO,,,,
88,0075,NO,,,NO,,,,
88,0076,NO,,,NO,,,,
88,0077,NO,,,NO,,,,
88,0078,NO,,,NO,,,,
88,0079,NO,,,NO,,,,
88,0080,NO,,,NO,,,,
88,0081,NO,,,YES,1981,050,,
88,0082,NO,,,NO,,,,
88,0083,YES,,,NO,,,"Never run.  It was established as a suggested replacement route for 046, but it never was run-BR.  We have a route map on file, but it is not in our system database.  It can be dropped from this list-BR",
88,0084,YES,2010,092,YES,1996,005,,
88,0085,NO,,,YES,1995,044,,
88,0086,YES,2002,087,YES,2001,048,,
88,0087,NO,,,YES,2002,086,,
88,0088,NO,,,YES,2003,029,,
88,0089,NO,,,YES,2003,038,,
88,0090,NO,,,YES,2006,061,,
88,0091,NO,,,YES,2008,052,,
88,0092,NO,,,YES,2010,084,,
88,0093,NO,,,YES,2015,007,,
89,0001,NO,,,NO,,,,
89,0002,NO,,,NO,,,,
89,0003,NO,,,NO,,,,
89,0004,NO,,,NO,,,,
89,0005,NO,,,NO,,,,
89,0006,NO,,,NO,,,,
89,0007,NO,,,NO,,,,
89,0008,NO,,,NO,,,,
89,0009,NO,,,NO,,,,
89,0010,NO,,,NO,,,,
89,0011,NO,,,NO,,,,
89,0012,NO,,,NO,,,,
89,0013,NO,,,NO,,,,
89,0014,NO,,,NO,,,,
89,0015,YES,2011,024,NO,,,,
89,0016,NO,,,NO,,,,
89,0017,NO,,,NO,,,,
89,0018,NO,,,NO,,,,
89,0019,NO,,,NO,,,,
89,0020,NO,,,NO,,,,
89,0021,NO,,,NO,,,,
89,0022,NO,,,NO,,,,
89,0023,NO,,,NO,,,,
89,0024,NO,,,YES,2011,015,,
90,0001,NO,,,NO,,,,
90,0002,NO,,,NO,,,,
90,0003,NO,,,NO,,,,
90,0004,YES,2010,071,NO,,,,
90,0005,NO,,,NO,,,,
90,0006,NO,,,NO,,,,
90,0007,NO,,,NO,,,,
90,0008,NO,,,NO,,,,
90,0009,NO,,,NO,,,,
90,0010,NO,,,NO,,,,
90,0011,NO,,,NO,,,,
90,0012,YES,,,YES,,,,
90,0013,YES,,,YES,,,,
90,0014,NO,,,NO,,,,
90,0015,NO,,,NO,,,,
90,0016,NO,,,NO,,,,
90,0017,NO,,,NO,,,,
90,0018,NO,,,NO,,,,
90,0019,NO,,,NO,,,,
90,0020,NO,,,NO,,,,
90,0021,NO,,,NO,,,,
90,0022,YES,2008,070,NO,,,,
90,0023,NO,,,NO,,,,
90,0024,NO,,,NO,,,,
90,0025,NO,,,NO,,,,
90,0026,NO,,,NO,,,,
90,0027,NO,,,NO,,,,
90,0028,NO,,,NO,,,,
90,0029,YES,1991,066,NO,,,,
90,0030,NO,,,NO,,,,
90,0031,YES,1976,063,NO,,,,
90,0032,NO,,,NO,,,,
90,0033,YES,1997,067,NO,,,,
90,0034,NO,2020,074,NO,,,,safety & traffic
90,0035,YES,1976,064,NO,,,,
90,0036,YES,2003,069,NO,,,,
90,0037,NO,,,NO,,,,
90,0038,NO,,,NO,,,,
90,0039,NO,,,NO,,,,
90,0040,NO,,,NO,,,,
90,0041,YES,,,YES,,,,
90,0042,NO,,,NO,,,,
90,0043,NO,,,NO,,,,
90,0044,NO,,,NO,,,,
90,0045,NO,,,NO,,,,
90,0046,NO,,,NO,,,,
90,0047,NO,,,NO,,,,
90,0048,NO,,,NO,,,,
90,0049,NO,,,NO,,,,
90,0050,NO,,,NO,,,,
90,0051,NO,,,NO,,,,
90,0052,NO,,,NO,,,,
90,0053,NO,,,NO,,,,
90,0054,YES,2003,068,NO,,,,
90,0055,NO,,,NO,,,,
90,0056,YES,2010,072,NO,,,,
90,0057,YES,1991,065,NO,,,,
90,0058,NO,,,NO,,,,
90,0059,NO,,,NO,,,,
90,0060,NO,,,NO,,,,
90,0061,NO,,,NO,,,,
90,0062,NO,,,NO,,,,
90,0063,NO,,,YES,1976,031,,
90,0064,NO,,,YES,1976,035,,
90,0065,NO,,,YES,1991,057,,
90,0066,NO,,,YES,1991,029,,
90,0067,NO,,,YES,1997,033,,
90,0068,NO,,,YES,2003,054,,
90,0069,NO,,,YES,2003,036,,
90,0070,NO,,,YES,2009,022,,
90,0071,NO,,,YES,2010,004,,
90,0072,NO,,,YES,2010,056,,
90,0074,NO,,,YES,2020,034,,
91,0001,NO,,,NO,,,,
91,0003,NO,,,NO,,,,
91,0004,NO,,,NO,,,,
91,0005,NO,,,NO,,,,
91,0006,NO,,,NO,,,,
91,0007,NO,,,NO,,,,
91,0008,NO,,,NO,,,,
91,0009,YES,2000,139,NO,,,Survey Window was May 1-20,"start was adjusted by observers, reason not known"
91,0010,YES,1989,126,NO,,,Survey Window was May 1-20,
91,0011,YES,1984,124,NO,,,Survey Window was May 1-20,
91,0012,NO,,,NO,,,,
91,0013,NO,,,NO,,,,
91,0014,NO,,,NO,,,,
91,0015,NO,,,NO,,,,
91,0016,YES,2013,128,NO,,,Survey Window was May 1-20,
91,0017,YES,1975,122,NO,,,Survey Window was Apr 25-May 15,
91,0018,NO,,,NO,,,,
91,0019,NO,,,NO,,,,
91,0020,YES,2022,141,NO,,,Survey Window was Apr 25-May 15,"gated btwn stops 9 & 10, no other direction available to move the last few stops"
91,0021,YES,1994,138,NO,,,Survey Window was Apr 25-May 15,"unauthorized rte change, start moved 0.4 mi south of original intersection, retroactive rte change performed in March 2021-BR"
91,0022,YES,1982,123,NO,,,Survey Window was Apr 25-May 15,
91,0023,NO,,,NO,,,,
91,0024,NO,,,NO,,,,
91,0025,NO,,,NO,,,,
91,0026,NO,,,NO,,,,
91,0027,NO,,,NO,,,,
91,0028,NO,,,NO,,,,
91,0029,NO,,,NO,,,,
91,0030,NO,,,NO,,,,
91,0031,NO,,,NO,,,,
91,0032,NO,,,NO,,,,
91,0033,NO,,,NO,,,,
91,0034,NO,,,NO,,,,
91,0035,NO,,,NO,,,,
91,0036,NO,,,NO,,,,
91,0037,NO,,,NO,,,,
91,0038,NO,,,NO,,,,
91,0039,NO,,,NO,,,,
91,0040,NO,,,NO,,,,
91,0041,NO,,,NO,,,,
91,0042,NO,,,NO,,,,
91,0043,NO,,,NO,,,,
91,0044,NO,,,NO,,,,
91,0045,NO,,,NO,,,,
91,0046,NO,,,NO,,,,
91,0047,NO,,,NO,,,,
91,0048,NO,,,NO,,,,
91,0049,NO,,,NO,,,,
91,0050,NO,,,NO,,,,
91,0051,NO,,,NO,,,,
91,0052,NO,,,NO,,,,
91,0053,YES,2018,132,NO,,,Survey Window was Apr 25-May 15,
91,0054,NO,,,NO,,,,
91,0055,NO,,,NO,,,,
91,0056,NO,,,NO,,,,
91,0057,NO,,,NO,,,,
91,0058,NO,,,NO,,,,
91,0059,NO,,,NO,,,,
91,0060,YES,2022,140,NO,,,Survey Window was Apr 25-May 15,"safety, constant traffic and low shoulders along first half of rte"
91,0061,NO,,,NO,,,,
91,0062,NO,,,NO,,,,
91,0063,NO,,,NO,,,,
91,0064,NO,,,NO,,,,
91,0065,NO,,,NO,,,,
91,0066,NO,,,NO,,,,
91,0067,NO,,,NO,,,,
91,0068,NO,,,NO,,,,
91,0069,NO,,,NO,,,,
91,0070,NO,,,NO,,,,
91,0071,NO,,,NO,,,,
91,0072,NO,,,NO,,,,
91,0073,NO,,,NO,,,,
91,0074,NO,,,NO,,,,
91,0075,NO,,,NO,,,,
91,0076,YES,2013,129,NO,,,Survey Window was Apr 25-May 15,
91,0077,NO,,,NO,,,,
91,0078,NO,,,NO,,,,
91,0079,NO,,,NO,,,,
91,0080,NO,,,NO,,,,
91,0081,NO,,,NO,,,,
91,0082,YES,2018,130,NO,,,Survey Window was Apr 20-May 10,
91,0083,NO,,,NO,,,,
91,0084,NO,,,NO,,,,
91,0085,NO,,,NO,,,,
91,0086,NO,,,NO,,,,
91,0087,NO,,,NO,,,,
91,0088,NO,,,NO,,,,
91,0089,NO,,,NO,,,,
91,0090,NO,,,NO,,,,
91,0091,NO,,,NO,,,,
91,0092,NO,,,NO,,,,
91,0093,NO,,,NO,,,,
91,0094,NO,,,NO,,,,
91,0095,NO,,,NO,,,,
91,0096,NO,,,NO,,,,
91,0097,NO,,,NO,,,,
91,0098,NO,,,NO,,,,
91,0099,YES,2008,133,NO,,,Survey Window was Apr 20-May 10,
91,0100,NO,,,NO,,,,
91,0101,NO,,,NO,,,,
91,0102,NO,,,NO,,,,
91,0103,YES,1989,125,NO,,,Survey Window was Apr 20-May 10,
91,0104,NO,,,NO,,,,
91,0105,NO,,,NO,,,,
91,0106,NO,,,NO,,,,
91,0107,NO,,,NO,,,,
91,0108,NO,,,NO,,,,
91,0109,YES,2011,127,NO,,,Survey Window was Apr 20-May 10,
91,0110,NO,,,NO,,,never run,
91,0111,NO,,,NO,,,,
91,0112,NO,,,NO,,,,
91,0113,NO,,,NO,,,,
91,0114,NO,,,NO,,,,
91,0115,NO,,,NO,,,,
91,0116,NO,,,NO,,,,
91,0117,NO,,,NO,,,,
91,0118,NO,,,NO,,,,
91,0119,NO,,,NO,,,,
91,0120,NO,,,NO,,,,
91,0121,NO,,,NO,,,,
91,0122,NO,,,YES,1975,017,,
91,0123,NO,,,YES,1982,022,,
91,0124,NO,,,YES,1984,011,,
91,0125,NO,,,YES,1989,103,,
91,0126,NO,,,YES,1989,010,,
91,0127,NO,,,YES,2011,109,,
91,0128,NO,,,YES,2013,016,,
91,0129,NO,,,YES,2013,076,,
91,0130,NO,,,YES,2018,082,,
91,0131,NO,,,YES,2018,123,,
91,0132,NO,,,YES,2018,053,,
91,0133,NO,,,YES,2008,099,,
91,0134,NO,,,YES,2018,026,,
91,0135,NO,,,YES,2018,039,,
91,0136,YES,2019,118,YES,2017,118,Survey Window was Apr 20-May 10,"Rte 118 run wrong from 2010-2016, therefore created rte 136 just for those years and is now DC"
91,0137,YES,2019,125,YES,2015,125,Survey Window was Apr 20-May 10,"Rte 125 run wrong from 2015-2019, therefore created rte 137 just for those years and is now DC"
91,0138,NO,,,YES,1994,021,,"unauthorized rte change, start moved 0.4 mi south of original intersection, retroactive rte change performed in March 2021-BR"
91,0139,NO,,,YES,2000,009,,"retroactive rte change, start adjusted by obs for unknown reason"
91,0140,NO,,,YES,2022,060,,"safety, constant traffic and low shoulders along first half of rte"
91,0141,NO,,,YES,2022,020,,"gated btwn stops 9 & 10, no other direction available to move the last few stops"
